image_name,label,x0,y0,x1,y1,x2,y2,x3,y3,x4,y4,x5,y5,x6,y6,x7,y7,x8,y8,x9,y9,x10,y10,x11,y11,x12,y12,x13,y13,x14,y14,x15,y15,x16,y16
thinking_3.jpg,thinking,0.5717388391494751,0.5868650674819946,0.6265982985496521,0.5178927183151245,0.5172422528266907,0.5113729238510132,0.6849045157432556,0.552177906036377,0.4304640889167785,0.5335813164710999,0.7591211199760437,0.7841818332672119,0.3497576117515564,0.8144773840904236,0.9133712649345398,0.9891750812530518,0.2709006667137146,1.0,0.8681297302246094,0.9863346815109252,0.4009961783885956,0.9642754793167114,0.7390181422233582,1.0,0.4995012283325195,1.0,0.751409649848938,0.884253740310669,0.5049827694892883,0.907564103603363,0.6579846143722534,0.8785051107406616,0.6279129385948181,0.8913851380348206
thinking_4.jpg,thinking,0.6058433651924133,0.6152625679969788,0.6521857380867004,0.5413074493408203,0.5484957695007324,0.5361381769180298,0.698145866394043,0.5524774193763733,0.4437228143215179,0.5402601361274719,0.7559954524040222,0.7656489610671997,0.3526135087013244,0.8003456592559814,0.8989173769950867,0.9874643087387084,0.2630800902843475,1.0,0.8203957676887512,0.9894225597381592,0.3912235200405121,0.963646650314331,0.7305712103843689,1.0,0.4868342876434326,1.0,0.7971497774124146,0.853493869304657,0.5154680013656616,0.891147255897522,0.6763511896133423,0.8714708685874939,0.5752564072608948,0.8934100270271301
thinking_5.jpg,thinking,0.6280557513237,0.6501682996749878,0.6670231223106384,0.56551593542099,0.5665711760520935,0.5738569498062134,0.7079655528068542,0.5409963726997375,0.4512423574924469,0.5571531653404236,0.7578055262565613,0.7527801990509033,0.3556050062179565,0.7933446168899536,0.8932375907897949,1.0,0.2828808724880218,1.0,0.8179163336753845,0.9903686046600342,0.4206195473670959,0.9619323015213012,0.7021660208702087,1.0,0.4639436900615692,1.0,0.7427088022232056,0.8854473829269409,0.5110921263694763,0.9284023642539978,0.6809353232383728,0.8926230669021606,0.6217591166496277,0.904629409313202
thinking_6.jpg,thinking,0.6321161389350891,0.6538759469985962,0.6671757102012634,0.5639198422431946,0.5678244829177856,0.5805806517601013,0.707094132900238,0.5279052257537842,0.449860155582428,0.5630916953086853,0.7616521716117859,0.7538334727287292,0.3516237437725067,0.797821581363678,0.8868029713630676,1.0,0.285525381565094,1.0,0.8004421591758728,0.9864825010299684,0.4238136708736419,0.9609076976776124,0.688215434551239,1.0,0.4492372572422027,1.0,0.7136901021003723,0.8964137434959412,0.5026594996452332,0.930165946483612,0.6896931529045105,0.9032412767410278,0.6464154124259949,0.8944953083992004
thinking_7.jpg,thinking,0.6395881175994873,0.639728307723999,0.6749831438064575,0.5537434816360474,0.5767531394958496,0.5658141374588013,0.7120804786682129,0.5326699018478394,0.4564673006534576,0.5577811002731323,0.7614342570304871,0.7623795866966248,0.3542875647544861,0.8023566603660583,0.8923392295837402,1.0,0.2817539274692535,1.0,0.802617073059082,0.9807994961738586,0.4268452823162079,0.9605549573898317,0.6837326288223267,1.0,0.4453126490116119,1.0,0.7153735160827637,0.8934741020202637,0.5010833144187927,0.9292412400245668,0.657204806804657,0.9001120924949646,0.6170555949211121,0.8969392776489258
thinking_8.jpg,thinking,0.6491970419883728,0.6333535313606262,0.682887077331543,0.5493239760398865,0.5876500606536865,0.5593292713165283,0.7150680422782898,0.5324743390083313,0.4631709158420563,0.5524481534957886,0.7605718970298767,0.7649322152137756,0.3521452844142914,0.8039926886558533,0.8919858932495117,1.0,0.2817943692207336,1.0,0.8146280646324158,0.9797006249427797,0.4256319105625152,0.9632228016853333,0.6838940382003784,1.0,0.4441675841808319,1.0,0.7245388031005859,0.8997911214828491,0.5010258555412292,0.930543065071106,0.6690101027488708,0.9069097638130188,0.6156078577041626,0.893709123134613
thinking_9.jpg,thinking,0.6354958415031433,0.624679446220398,0.6747855544090271,0.5443561673164368,0.574309766292572,0.5487107634544373,0.7138142585754395,0.5423845648765564,0.4571385085582733,0.5509927868843079,0.7584943175315857,0.7647696733474731,0.3584651947021484,0.8048697113990784,0.8979007005691528,0.9921637177467346,0.2770224213600158,1.0,0.8188700079917908,0.9771406054496764,0.4223097264766693,0.9622417092323304,0.7000815272331238,1.0,0.460916519165039,1.0,0.767297089099884,0.8685909509658813,0.5203554630279541,0.9157956838607788,0.670670211315155,0.8731129765510559,0.5935125350952148,0.8928991556167603
thinking_10.jpg,thinking,0.6351137757301331,0.6251122951507568,0.6774424314498901,0.5408094525337219,0.5731748938560486,0.5453164577484131,0.7174606323242188,0.5360138416290283,0.4525545239448547,0.5410702228546143,0.7561742067337036,0.7675766944885254,0.3481370508670807,0.8081550002098083,0.9105334281921388,1.0,0.2623239457607269,1.0,0.891616940498352,0.99226576089859,0.4155744612216949,0.9643263816833496,0.7125945091247559,1.0,0.4737425446510315,1.0,0.7660079598426819,0.8656067848205566,0.5346500873565674,0.9291513562202454,0.7051164507865906,0.8592009544372559,0.6486930847167969,0.8984337449073792
thinking_11.jpg,thinking,0.6375686526298523,0.624268651008606,0.6816778182983398,0.5392476916313171,0.5752947330474854,0.5425281524658203,0.7223803997039795,0.5361512899398804,0.4536486268043518,0.5381341576576233,0.7571091055870056,0.770484983921051,0.3475593030452728,0.8106468915939331,0.9091981053352356,1.0,0.2616689801216125,1.0,0.8908112645149231,0.9894517660140992,0.4129396378993988,0.9709032773971558,0.7087149024009705,1.0,0.469978392124176,1.0,0.7580214738845825,0.867583155632019,0.531578540802002,0.9312668442726136,0.6933495998382568,0.8610504865646362,0.6475415229797363,0.9027332067489624
thinking_12.jpg,thinking,0.6382564902305603,0.6235834360122681,0.6783627867698669,0.5420435667037964,0.5776195526123047,0.5454323887825012,0.7175227999687195,0.536803662776947,0.4605902731418609,0.5428361296653748,0.7634819746017456,0.7684474587440491,0.3600257933139801,0.8016236424446106,0.8940244913101196,1.0,0.2805060446262359,1.0,0.8044344186782837,0.989626169204712,0.4225852489471435,0.9597731232643129,0.7027325630187988,1.0,0.4634479582309723,1.0,0.7521077394485474,0.8854673504829407,0.5129843950271606,0.9231833219528198,0.6614919900894165,0.8881908059120178,0.598042368888855,0.898933470249176
thinking_13.jpg,thinking,0.6378445625305176,0.6268191933631897,0.678778886795044,0.5458305478096008,0.577779233455658,0.5486572980880737,0.718460738658905,0.5408605337142944,0.4618143141269684,0.5451807975769043,0.7634589076042175,0.7674910426139832,0.3578068315982818,0.8031952381134033,0.8959418535232544,1.0,0.278089702129364,1.0,0.8117172122001648,0.9834835529327391,0.4232951700687408,0.9654440879821776,0.6993445158004761,1.0,0.4581236839294433,1.0,0.7545127272605896,0.8823753595352173,0.5081168413162231,0.9211058020591736,0.6645175218582153,0.8887551426887512,0.594848096370697,0.9007245898246764
thinking_14.jpg,thinking,0.6407147645950317,0.625285267829895,0.6799985766410828,0.5447632074356079,0.580935537815094,0.5477782487869263,0.7169141173362732,0.5386837720870972,0.4621302783489227,0.5432966947555542,0.7605658769607544,0.7652655839920044,0.3562574386596679,0.8018428683280945,0.8947333693504333,1.0,0.2786543071269989,1.0,0.8086029291152954,0.9847102165222168,0.422351211309433,0.9640274047851562,0.6968426704406738,1.0,0.4573163986206054,1.0,0.7475757002830505,0.8894132375717163,0.5103089809417725,0.9286073446273804,0.6563166975975037,0.8921298384666443,0.6001269221305847,0.9021952748298644
thinking_15.jpg,thinking,0.6395605802536011,0.6264556646347046,0.6788913011550903,0.5465922951698303,0.5798355937004089,0.5490497350692749,0.7162479758262634,0.5414314270019531,0.4616010189056396,0.5453828573226929,0.7618960738182068,0.7665753960609436,0.3577429950237274,0.801116943359375,0.8953744173049927,1.0,0.2789760529994964,1.0,0.7995499968528748,0.9821379780769348,0.4226493835449219,0.9641714096069336,0.7005425691604614,1.0,0.460064023733139,1.0,0.7544007897377014,0.8852366209030151,0.5119353532791138,0.923677384853363,0.6587877869606018,0.8887044787406921,0.5958353877067566,0.899751603603363
thinking_16.jpg,thinking,0.6420733332633972,0.626143753528595,0.6810906529426575,0.5454552173614502,0.5818848609924316,0.548529863357544,0.7177209854125977,0.5399025082588196,0.4619320333003998,0.5447573661804199,0.7605808973312378,0.7649934887886047,0.3579251170158386,0.8012310266494751,0.8963981866836548,1.0,0.2796140015125274,1.0,0.8129922151565552,0.9824987053871156,0.42254239320755,0.963972270488739,0.6995728015899658,1.0,0.4598517119884491,1.0,0.7533718347549438,0.8847960233688354,0.5106968283653259,0.9267191290855408,0.6617407202720642,0.8870728015899658,0.5932142734527588,0.9006248116493225
thinking_17.jpg,thinking,0.6398521661758423,0.6310393810272217,0.678544819355011,0.5502588748931885,0.5803810954093933,0.5534164905548096,0.7151203155517578,0.5397651791572571,0.4617865979671478,0.5445126295089722,0.7611952424049377,0.7641565799713135,0.3584466576576233,0.7982772588729858,0.8950481414794922,1.0,0.2812212407588959,1.0,0.8104839324951172,0.988404095172882,0.4213199317455292,0.957892894744873,0.7019937038421631,1.0,0.4640773832798004,1.0,0.7392290830612183,0.8896150588989258,0.5067965388298035,0.9262779355049132,0.6495310068130493,0.8948384523391724,0.5986165404319763,0.9019464254379272
thinking_18.jpg,thinking,0.6385498642921448,0.6281898021697998,0.6789163947105408,0.548145055770874,0.5795900225639343,0.5500873923301697,0.7170214056968689,0.5414901375770569,0.462872713804245,0.5434259176254272,0.762342631816864,0.7664280533790588,0.3585408926010132,0.8000428080558777,0.8964992761611938,1.0,0.2803409993648529,1.0,0.8057325482368469,0.9871047139167786,0.4220479130744934,0.9639651775360109,0.7020315527915955,1.0,0.4624046981334686,1.0,0.7485054135322571,0.8869910836219788,0.5077802538871765,0.9262211322784424,0.6580688953399658,0.8909357786178589,0.598858118057251,0.9051652550697328
thinking_19.jpg,thinking,0.6392385363578796,0.6315892934799194,0.6807979345321655,0.5509002804756165,0.5805191397666931,0.5514472126960754,0.7189506888389587,0.543152391910553,0.4630413651466369,0.5411803126335144,0.7621473670005798,0.7669561505317688,0.3569676280021667,0.8005764484405518,0.8944374322891235,1.0,0.2784427404403686,1.0,0.8109793066978455,0.98308926820755,0.4227473437786102,0.9624887704849244,0.7069300413131714,1.0,0.4662938117980957,1.0,0.74929279088974,0.8859620690345764,0.5031523108482361,0.9265555143356324,0.6605479121208191,0.8913828730583191,0.5954837799072266,0.9082186818122864
thinking_20.jpg,thinking,0.640496551990509,0.6320242881774902,0.6816622614860535,0.5487624406814575,0.5808591842651367,0.5520786643028259,0.7206137180328369,0.5365596413612366,0.4636290669441223,0.5407466292381287,0.7630276083946228,0.7684388756752014,0.3583128154277801,0.8016328811645508,0.8937654495239258,1.0,0.2819682657718658,1.0,0.8062252402305603,0.9862968921661376,0.4250626564025879,0.9631299376487732,0.6974308490753174,1.0,0.4594399929046631,1.0,0.7334665656089783,0.8931431174278259,0.5035833716392517,0.9342432022094728,0.656277596950531,0.8935642242431641,0.6076924800872803,0.9111469984054564
thinking_21.jpg,thinking,0.6419528126716614,0.6318312287330627,0.6820084452629089,0.5505055785179138,0.5826424956321716,0.5530495047569275,0.7195221185684204,0.5403864979743958,0.4647517204284668,0.5431926250457764,0.7621743083000183,0.7660932540893555,0.358539879322052,0.8000922799110413,0.8940582275390625,1.0,0.2787041664123535,1.0,0.8154212236404419,0.9823102355003356,0.4220321774482727,0.9595395922660828,0.7012373208999634,1.0,0.4628020226955414,1.0,0.743760347366333,0.8837839961051941,0.5078964233398438,0.9235448837280272,0.6588065028190613,0.8912882804870605,0.6034592986106873,0.903919279575348
thinking_22.jpg,thinking,0.641856849193573,0.6330071687698364,0.6817618608474731,0.5530496835708618,0.583970308303833,0.5537835955619812,0.71744304895401,0.5431531071662903,0.4652740657329559,0.5415322780609131,0.7611472010612488,0.7650673985481262,0.358410507440567,0.7993408441543579,0.8958483934402466,1.0,0.2842200696468353,1.0,0.8089675903320312,0.9821013808250428,0.4244489669799804,0.9668046236038208,0.7061051726341248,1.0,0.4673469960689544,1.0,0.7439146637916565,0.8874066472053528,0.5019275546073914,0.926768720149994,0.6578707098960876,0.8934226036071777,0.5969063639640808,0.907785952091217
thinking_23.jpg,thinking,0.6388660073280334,0.634423553943634,0.6807965636253357,0.5559048056602478,0.582282304763794,0.5543525815010071,0.7178805470466614,0.5482048392295837,0.4660544097423553,0.5408176779747009,0.7591543793678284,0.7652764320373535,0.3580063879489898,0.7983468770980835,0.8967409133911133,1.0,0.2804320752620697,1.0,0.813305675983429,0.983445167541504,0.4218752086162567,0.9641485214233398,0.7064429521560669,1.0,0.4674346446990967,1.0,0.7514587044715881,0.8829764723777771,0.5013296008110046,0.9284441471099854,0.6607877016067505,0.8887971639633179,0.5929237008094788,0.9157046675682068
thinking_24.jpg,thinking,0.6384174823760986,0.6338561177253723,0.6794394850730896,0.5536870360374451,0.5809783339500427,0.5543502569198608,0.7172657251358032,0.5425283312797546,0.4656181335449219,0.540630578994751,0.7630922198295593,0.767266571521759,0.3572989404201507,0.7985213398933411,0.8928951621055603,1.0,0.2795823514461517,1.0,0.804093062877655,0.9835914373397828,0.4241452217102051,0.9624046087265016,0.7054109573364258,1.0,0.4644559025764465,1.0,0.7428165674209595,0.8910220861434937,0.4936205446720123,0.9277815222740172,0.6620734333992004,0.9001905918121338,0.5922539830207825,0.9136731028556824
thinking_25.jpg,thinking,0.6392049193382263,0.6364313960075378,0.6801749467849731,0.5549394488334656,0.5813841819763184,0.5562890768051147,0.7178182005882263,0.5412280559539795,0.4649179577827453,0.5405595302581787,0.7611975073814392,0.7661106586456299,0.3572342991828918,0.7986833453178406,0.892169177532196,1.0,0.2796245515346527,1.0,0.8063675165176392,0.9817181825637816,0.4228167235851288,0.9718830585479736,0.7012683153152466,1.0,0.4619122147560119,1.0,0.7343218922615051,0.8904315233230591,0.489393949508667,0.9318329095840454,0.656302809715271,0.8929672837257385,0.5874074101448059,0.9128509163856506
thinking_26.jpg,thinking,0.6392644047737122,0.6366056799888611,0.6812444925308228,0.5570162534713745,0.5820439457893372,0.5561116933822632,0.7186810970306396,0.5473594069480896,0.4654483497142792,0.5414023399353027,0.7594084143638611,0.7657085657119751,0.358619213104248,0.7967074513435364,0.8913297653198242,1.0,0.2825536429882049,1.0,0.8114070892333984,0.987480878829956,0.421945720911026,0.9636150002479552,0.7044162154197693,1.0,0.4662640988826751,1.0,0.7426785826683044,0.8893378973007202,0.49715057015419,0.9295339584350586,0.6579304933547974,0.8935085535049438,0.5919384956359863,0.9124364852905272
thinking_27.jpg,thinking,0.6399316787719727,0.6405841112136841,0.6836606860160828,0.5561053156852722,0.580671489238739,0.5579783916473389,0.7219240665435791,0.5399295091629028,0.4598105847835541,0.536899983882904,0.7542920708656311,0.7659314274787903,0.3472494184970855,0.7999937534332275,0.9037376642227172,1.0,0.2646814286708832,1.0,0.8908669352531433,0.9929960370063782,0.4120909869670868,0.9623041749000548,0.7039230465888977,1.0,0.4689370095729828,1.0,0.731580913066864,0.8821871876716614,0.5162213444709778,0.9425839781761168,0.6843367218971252,0.873088538646698,0.6544762849807739,0.9138851761817932
thinking_28.jpg,thinking,0.6389911770820618,0.6373894214630127,0.6803390383720398,0.5566424131393433,0.5805820822715759,0.5577964186668396,0.7185508608818054,0.5459659099578857,0.4638770520687103,0.5450111627578735,0.7604928016662598,0.7671173214912415,0.3587547838687897,0.7987082600593567,0.8939529657363892,1.0,0.2806517779827118,1.0,0.8175243735313416,0.9868130087852478,0.4190674424171448,0.9617248773574828,0.7008488178253174,1.0,0.463085263967514,1.0,0.7380689978599548,0.8918092846870422,0.4996997416019439,0.9309357404708862,0.6558954119682312,0.8958352208137512,0.596845805644989,0.9108219742774964
thinking_29.jpg,thinking,0.639090359210968,0.639865517616272,0.6827460527420044,0.5553712248802185,0.5800630450248718,0.5576590299606323,0.7212286591529846,0.5386042594909668,0.4598937630653381,0.5365145802497864,0.7554314136505127,0.7674990296363831,0.3464561104774475,0.8019286394119263,0.9072155952453612,1.0,0.2635284960269928,1.0,0.8878141641616821,0.9960017204284668,0.4109214842319488,0.9680198431015016,0.7019699215888977,1.0,0.4669007360935211,1.0,0.7253959774971008,0.886175811290741,0.5155421495437622,0.9472452402114868,0.6772326827049255,0.8771271109580994,0.6588959693908691,0.9199076890945436
thinking_30.jpg,thinking,0.638759970664978,0.6386306881904602,0.6796032786369324,0.5596891045570374,0.5817400217056274,0.5591337084770203,0.7160069346427917,0.5493597388267517,0.4643795192241668,0.544379711151123,0.7582342624664307,0.7657236456871033,0.3570521771907806,0.7970610857009888,0.8935319781303406,1.0,0.2790933549404144,1.0,0.8109956979751587,0.9827945828437804,0.4192665219306946,0.9673256874084472,0.705476701259613,1.0,0.4669506549835205,1.0,0.744825005531311,0.8852214217185974,0.4991764724254608,0.9266178607940674,0.6598900556564331,0.8909133076667786,0.5949352979660034,0.9101711511611938
thinking_31.jpg,thinking,0.6385239958763123,0.6435228586196899,0.6836018562316895,0.5603863596916199,0.5807164311408997,0.55776047706604,0.7207863330841064,0.5445014238357544,0.4579041600227356,0.5312811136245728,0.7555767893791199,0.7680434584617615,0.3420941531658172,0.8013656139373779,0.9091278314590454,1.0,0.2592228949069977,1.0,0.8781432509422302,0.9844035506248474,0.4098493158817291,0.9689894318580629,0.716949462890625,1.0,0.4779806137084961,1.0,0.7385625243186951,0.8739463090896606,0.5139269232749939,0.9363657236099244,0.6738826036453247,0.8673261404037476,0.648602306842804,0.9162132740020752
thinking_32.jpg,thinking,0.6383971571922302,0.6409119963645935,0.6841660737991333,0.5584709644317627,0.5800307989120483,0.5567939281463623,0.722898006439209,0.5476359128952026,0.4584413170814514,0.5363926887512207,0.7537257075309753,0.7663097381591797,0.3454801142215729,0.8003924489021301,0.909165382385254,1.0,0.2597952485084533,1.0,0.8846260905265808,0.9892631769180298,0.4113809764385223,0.966308891773224,0.7113049626350403,1.0,0.473323255777359,1.0,0.7458115816116333,0.8720831871032715,0.5179488062858582,0.9409054517745972,0.681204617023468,0.8629475831985474,0.6458913683891296,0.9192790985107422
thinking_33.jpg,thinking,0.6396462321281433,0.6410632133483887,0.6843492984771729,0.5564408898353577,0.5802204012870789,0.5574613809585571,0.7233656644821167,0.5412979125976562,0.4587569832801819,0.536322295665741,0.7535106539726257,0.7649419903755188,0.3485813736915588,0.7996403574943542,0.905618131160736,1.0,0.2626047432422638,1.0,0.8837141990661621,0.9925744533538818,0.4118004739284515,0.9654468894004822,0.7088348269462585,1.0,0.4738425314426422,1.0,0.740867555141449,0.8779663443565369,0.5221027731895447,0.9485864639282228,0.6868968605995178,0.8617181181907654,0.6529746651649475,0.9188597798347472
thinking_34.jpg,thinking,0.6394253373146057,0.6392735838890076,0.6810270547866821,0.5596665143966675,0.5822671055793762,0.5587666630744934,0.7179858684539795,0.5481233596801758,0.4648550450801849,0.5422199964523315,0.7596611380577087,0.7642602324485779,0.3581356108188629,0.7949097156524658,0.8945781588554382,1.0,0.2821541726589203,1.0,0.8118913769721985,0.9865842461586,0.419941633939743,0.9601726531982422,0.706333577632904,1.0,0.4678805768489837,1.0,0.7444186806678772,0.8861824870109558,0.4995931684970855,0.9271612167358398,0.660055935382843,0.8899334073066711,0.5961279273033142,0.9100311994552612
thinking_35.jpg,thinking,0.6394163370132446,0.6368460059165955,0.6832613348960876,0.5540792346000671,0.5809026956558228,0.5549525618553162,0.7214423418045044,0.5416120290756226,0.460968941450119,0.5364694595336914,0.754641592502594,0.7674423456192017,0.3486292660236358,0.8000969886779785,0.9060646295547484,1.0,0.2642565965652466,1.0,0.8865928649902344,0.9936385750770568,0.4119318127632141,0.9662935137748718,0.7073655128479004,1.0,0.4723265171051025,1.0,0.7390338778495789,0.8811087012290955,0.5215998888015747,0.9435123801231384,0.6872382164001465,0.8727465867996216,0.6577044129371643,0.9182204604148864
thinking_36.jpg,thinking,0.6392360329627991,0.6356481313705444,0.6800251007080078,0.55469810962677,0.5813777446746826,0.5553192496299744,0.7171158790588379,0.5427175760269165,0.4639213979244232,0.5406573414802551,0.7605162262916565,0.7665101885795593,0.358459323644638,0.7984175086021423,0.8918472528457642,1.0,0.2806153297424316,1.0,0.801799476146698,0.9871739745140076,0.4203706681728363,0.9632054567337036,0.7084934115409851,1.0,0.4703608453273773,1.0,0.7433010935783386,0.889585554599762,0.500731885433197,0.9318009614944458,0.6615129113197327,0.8906098008155823,0.5965713858604431,0.9115070104599
thinking_37.jpg,thinking,0.6400633454322815,0.6376062631607056,0.6837875247001648,0.5531648993492126,0.5812839865684509,0.5544297099113464,0.7214533686637878,0.5378803610801697,0.460322767496109,0.5334097743034363,0.7531085014343262,0.766228199005127,0.3464914262294769,0.8019365668296814,0.904760479927063,1.0,0.2650475203990936,1.0,0.892841637134552,0.996572732925415,0.4112028181552887,0.9690042734146118,0.7034547924995422,1.0,0.4683144688606262,1.0,0.7351490259170532,0.8828325271606445,0.5138293504714966,0.9452239274978638,0.6872932314872742,0.8746941089630127,0.648255467414856,0.9186782836914062
thinking_38.jpg,thinking,0.6405920386314392,0.6369340419769287,0.6832362413406372,0.5527036190032959,0.5815700888633728,0.5549209713935852,0.7199458479881287,0.537622332572937,0.4592436850070953,0.5354859232902527,0.7536879777908325,0.7663747668266296,0.3445717096328735,0.8025075197219849,0.9059991240501404,1.0,0.263475090265274,1.0,0.8842242360115051,0.997233271598816,0.4124259948730469,0.97108393907547,0.7043129801750183,1.0,0.467189610004425,1.0,0.7369807958602905,0.8805325031280518,0.514154314994812,0.9433568716049194,0.6906999945640564,0.8750784993171692,0.6515747308731079,0.9183911085128784
thinking_39.jpg,thinking,0.6385859251022339,0.6378661394119263,0.6830312609672546,0.554443895816803,0.5805173516273499,0.5541679859161377,0.7210464477539062,0.5407687425613403,0.4604096412658691,0.5327073335647583,0.7540538907051086,0.7669791579246521,0.3482641875743866,0.8013107180595398,0.9066206812858582,1.0,0.2656838595867157,1.0,0.8894206881523132,0.9959567189216614,0.4118735790252685,0.9603374004364014,0.7125846743583679,1.0,0.4776343405246734,1.0,0.7416533827781677,0.8768215179443359,0.5176085233688354,0.9406377673149108,0.6884286999702454,0.8689975142478943,0.6499407291412354,0.9175112843513488
thinking_40.jpg,thinking,0.650442361831665,0.6230008006095886,0.6881817579269409,0.545366644859314,0.5923996567726135,0.5439868569374084,0.7197386622428894,0.5415785908699036,0.4683262407779693,0.5359910726547241,0.759965717792511,0.7668602466583252,0.3607778549194336,0.7957424521446228,0.8932981491088867,1.0,0.2773717045783996,1.0,0.8120520710945129,0.9811103343963624,0.4126459062099457,0.9657931923866272,0.7154484987258911,1.0,0.4786999821662903,1.0,0.7544887661933899,0.8893557786941528,0.51780104637146,0.9266954064369202,0.6554534435272217,0.8935508728027344,0.6006993651390076,0.9015690088272096
thinking_41.jpg,thinking,0.6626545786857605,0.6170487999916077,0.704334020614624,0.5407024621963501,0.6071184873580933,0.5310437679290771,0.7319602370262146,0.5436637997627258,0.4771665036678314,0.5158880949020386,0.7577295899391174,0.772664487361908,0.3568290174007416,0.7993375658988953,0.9130703210830688,0.9930917620658876,0.2711641490459442,1.0,0.9054364562034608,0.9872456192970276,0.4031005799770355,0.9725298881530762,0.735052227973938,1.0,0.5003799200057983,1.0,0.7818848490715027,0.8850515484809875,0.5394259691238403,0.9357789754867554,0.6956278085708618,0.8837324976921082,0.6362937092781067,0.912691295146942
thinking_42.jpg,thinking,0.674325168132782,0.6057142615318298,0.7100065350532532,0.5317160487174988,0.6186644434928894,0.521760880947113,0.7291618585586548,0.5406421422958374,0.4804232120513916,0.5140392184257507,0.7583215236663818,0.7763935327529907,0.3540432155132293,0.811856746673584,0.9167186617851256,0.9871494770050048,0.2674643099308014,1.0,0.8884033560752869,0.9780864119529724,0.4127593636512756,0.970928966999054,0.7448444366455078,1.0,0.5082995295524597,1.0,0.7936657667160034,0.8681525588035583,0.5446205139160156,0.9205271005630492,0.6752700209617615,0.8745045065879822,0.6149927973747253,0.8969360589981079
thinking_43.jpg,thinking,0.6797001361846924,0.5917998552322388,0.7128621935844421,0.5209711194038391,0.6227912902832031,0.5120487213134766,0.7317968606948853,0.537492036819458,0.4856841266155243,0.5154695510864258,0.7695035338401794,0.7778050899505615,0.3620255589485168,0.8096455931663513,0.9212024807929992,0.9856100678443908,0.2663477063179016,1.0,0.8981264233589172,0.9749773144721984,0.4085994660854339,0.9678308367729188,0.7527848482131958,1.0,0.5140125155448914,1.0,0.794169545173645,0.8788753747940063,0.5452803373336792,0.913400948047638,0.6583892703056335,0.8940800428390503,0.5997169017791748,0.886836051940918
thinking_44.jpg,thinking,0.6908360719680786,0.59458988904953,0.7244393229484558,0.5246661901473999,0.6366317272186279,0.5130070447921753,0.7426941990852356,0.5375849604606628,0.501380205154419,0.5111827254295349,0.7825629115104675,0.7845870852470398,0.3711659014225006,0.8089980483055115,0.9104720950126648,0.9904470443725586,0.2963281869888305,1.0,0.7845379114151001,0.9470383524894714,0.4391289353370666,0.9746900200843812,0.7342050075531006,1.0,0.4941866099834442,1.0,0.7718954682350159,0.914829432964325,0.5386478304862976,0.9252668023109436,0.6185611486434937,0.9230071306228638,0.6006255149841309,0.89570552110672
thinking_45.jpg,thinking,0.6802962422370911,0.596835196018219,0.716650664806366,0.5224676132202148,0.6227530837059021,0.512668788433075,0.738419234752655,0.5356687307357788,0.4852893948554992,0.5108261108398438,0.77720046043396,0.7846888899803162,0.358356237411499,0.8152778148651123,0.923778474330902,0.99582839012146,0.2663633823394775,1.0,0.8885988593101501,0.9787200689315796,0.4132432639598846,0.9671052098274232,0.7568459510803223,1.0,0.5145748853683472,1.0,0.7831243872642517,0.887066662311554,0.5419151186943054,0.91500985622406,0.6521756052970886,0.904066562652588,0.6170317530632019,0.891241729259491
thinking_46.jpg,thinking,0.6723638772964478,0.6064178943634033,0.7128138542175293,0.5322480797767639,0.6175217628479004,0.5187594294548035,0.7373479008674622,0.5432078242301941,0.4849867820739746,0.5079593062400818,0.7694481015205383,0.7815099954605103,0.3547813594341278,0.8121299147605896,0.9272304773330688,0.9875059127807616,0.2658947706222534,1.0,0.9221893548965454,0.9854601621627808,0.4103095233440399,0.9683493375778198,0.748393714427948,1.0,0.50676029920578,1.0,0.7927067875862122,0.8760878443717957,0.5323752760887146,0.9130721688270568,0.6693821549415588,0.8894953727722168,0.6056105494499207,0.8958991169929504
thinking_47.jpg,thinking,0.6749202609062195,0.6104443073272705,0.7163270711898804,0.5376753211021423,0.621259868144989,0.5223453044891357,0.7405918836593628,0.5497749447822571,0.4892171919345855,0.5102455615997314,0.7710387110710144,0.7829791307449341,0.3561590611934662,0.812540590763092,0.924608051776886,0.987309455871582,0.2690916359424591,1.0,0.9092610478401184,0.9779348373413086,0.4104417860507965,0.9721125960350036,0.7475816011428833,1.0,0.5042517185211182,1.0,0.7960219979286194,0.8816995024681091,0.5267506241798401,0.9151784181594848,0.6734095811843872,0.8952172994613647,0.6011137962341309,0.8995726704597473
thinking_48.jpg,thinking,0.6724866032600403,0.617322564125061,0.7141133546829224,0.541435718536377,0.6175851225852966,0.5288718342781067,0.7399792075157166,0.5474026203155518,0.4856898784637451,0.5138488411903381,0.7726996541023254,0.7820732593536377,0.35230353474617,0.8134046196937561,0.9219481348991394,0.994784653186798,0.2695547640323639,1.0,0.9020721316337584,0.9834567904472352,0.4129454791545868,0.9778485298156738,0.7430745959281921,1.0,0.4971968829631805,1.0,0.7886907458305359,0.886695146560669,0.5209012031555176,0.9171071648597716,0.6827077865600586,0.9002634882926941,0.6097646355628967,0.898918628692627
thinking_49.jpg,thinking,0.6672956347465515,0.6186745762825012,0.7062045931816101,0.5463899970054626,0.6135969758033752,0.5334480404853821,0.730973482131958,0.5532402992248535,0.4843433499336242,0.5221051573753357,0.7719086408615112,0.7817605137825012,0.3601737022399902,0.8085806965827942,0.9088389277458192,0.9925553798675536,0.2882706820964813,1.0,0.8126813173294067,0.9674220085144044,0.4230256974697113,0.969357967376709,0.7331722378730774,1.0,0.4896056354045868,1.0,0.7774847149848938,0.9053995609283448,0.5161015391349792,0.9194008111953736,0.6413633227348328,0.9130883812904358,0.582074761390686,0.8944933414459229
thinking_50.jpg,thinking,0.6699641346931458,0.6192495822906494,0.7100269198417664,0.5436304807662964,0.6153388619422913,0.5326772332191467,0.7343912720680237,0.5466785430908203,0.482314258813858,0.5162645578384399,0.7681712508201599,0.779639482498169,0.3481066823005676,0.8112804889678955,0.922774612903595,0.9964210987091064,0.2641641199588775,1.0,0.8991510272026062,0.9826852679252625,0.4100073873996734,0.9780355095863342,0.7414217591285706,1.0,0.4965870380401611,1.0,0.7824850082397461,0.8870543241500854,0.5242125391960144,0.9233546257019044,0.6855873465538025,0.896041750907898,0.6262731552124023,0.900666356086731
thinking_51.jpg,thinking,0.6730148196220398,0.6151301860809326,0.7151904702186584,0.5404244661331177,0.618508517742157,0.5256766080856323,0.7405261397361755,0.5487972497940063,0.4855203628540039,0.5103594660758972,0.7730025053024292,0.7843811511993408,0.3524689972400665,0.8119996190071106,0.9242435693740844,0.9979696273803712,0.2658370435237884,1.0,0.9011513590812684,0.9828659296035768,0.4094142615795135,0.9719194769859314,0.7502552270889282,1.0,0.504890501499176,1.0,0.7910451292991638,0.8866720199584961,0.5276002883911133,0.9183837175369264,0.6740596890449524,0.8979479074478149,0.6137738227844238,0.900839388370514
thinking_52.jpg,thinking,0.672036349773407,0.6154797077178955,0.715217649936676,0.5400689244270325,0.6178663969039917,0.5251407623291016,0.7420299053192139,0.5469186305999756,0.4873943328857422,0.5079671740531921,0.7736943364143372,0.7860342264175415,0.355734646320343,0.8113719820976257,0.921691358089447,0.9996308088302612,0.2693857848644256,1.0,0.8994489908218384,0.9832555651664734,0.4097505509853363,0.9749411344528198,0.7468270063400269,1.0,0.5047653317451477,1.0,0.7809980511665344,0.8891565203666687,0.5281139016151428,0.9192322492599488,0.6656655669212341,0.8983473777770996,0.6178082227706909,0.9024460315704346
thinking_53.jpg,thinking,0.6699550747871399,0.6212014555931091,0.7108731269836426,0.5500447750091553,0.6169940829277039,0.5343102812767029,0.7377004027366638,0.5579147338867188,0.4906169474124908,0.5208094716072083,0.7788991332054138,0.7879144549369812,0.3662711083889007,0.8040595054626465,0.9043201804161072,1.0,0.2904123961925506,1.0,0.800484299659729,0.9705221056938172,0.4255619049072265,0.9727848768234252,0.737777054309845,1.0,0.4942858815193176,1.0,0.7779547572135925,0.9129846692085266,0.520378828048706,0.916969358921051,0.6350743770599365,0.9198535680770874,0.5856932401657104,0.8947623372077942
thinking_54.jpg,thinking,0.6514451503753662,0.6535224914550781,0.6929318308830261,0.5764375329017639,0.5970417261123657,0.5683006048202515,0.7247511148452759,0.5583427548408508,0.4741491973400116,0.5359280109405518,0.7726118564605713,0.76766037940979,0.3555807769298553,0.7937871813774109,0.9050108194351196,1.0,0.2858945429325104,1.0,0.8056640625,0.9808470010757446,0.421810120344162,0.9537862539291382,0.7357046008110046,1.0,0.4891485869884491,1.0,0.7576723694801331,0.91035395860672,0.501116931438446,0.930740475654602,0.6570150256156921,0.917602002620697,0.6065043807029724,0.911621868610382
thinking_55.jpg,thinking,0.6325926780700684,0.6685206294059753,0.6768696308135986,0.5839774012565613,0.5738033652305603,0.5828531980514526,0.7193670272827148,0.5584065318107605,0.4569104611873626,0.5528426766395569,0.7687169909477234,0.7717793583869934,0.3519017398357391,0.7982465624809265,0.8900750279426575,1.0,0.2736221551895141,1.0,0.7815598845481873,0.9817619919776917,0.405411809682846,0.9829806089401244,0.7250004410743713,1.0,0.4717285335063934,1.0,0.7850713133811951,0.8904906511306763,0.4857946336269378,0.9231035113334656,0.7311964631080627,0.8995474576950073,0.5840379595756531,0.9110265970230104
thinking_56.jpg,thinking,0.631935715675354,0.6598403453826904,0.6712215542793274,0.5762404203414917,0.5713736414909363,0.5826670527458191,0.7115811705589294,0.5498526096343994,0.4562843739986419,0.5617225766181946,0.7638039588928223,0.7588045597076416,0.3581934869289398,0.7898746132850647,0.8993593454360962,1.0,0.2738173305988312,1.0,0.8440445065498352,0.9959919452667236,0.3743971884250641,0.9599891901016236,0.7083702087402344,1.0,0.4709715545177459,1.0,0.7412889003753662,0.8795925378799438,0.5113950967788696,0.9045956134796144,0.6939954161643982,0.8914758563041687,0.6327527761459351,0.8830733299255371
thinking_57.jpg,thinking,0.6212630271911621,0.6697436571121216,0.6591498255729675,0.581437349319458,0.5572020411491394,0.5936469435691833,0.7017892003059387,0.5451066493988037,0.4404168128967285,0.5706943869590759,0.7638108134269714,0.757987916469574,0.3468140065670013,0.7971642017364502,0.9002129435539246,1.0,0.2689754664897918,1.0,0.8271030783653259,0.9999791979789734,0.3828214108943939,0.9615612626075744,0.7100223898887634,1.0,0.4681973159313202,1.0,0.7316760420799255,0.8760037422180176,0.5131702423095703,0.9049991369247437,0.6916865110397339,0.895389974117279,0.6518136858940125,0.8868436813354492
thinking_58.jpg,thinking,0.611675500869751,0.7091030478477478,0.6512891054153442,0.6198148131370544,0.5466740727424622,0.634375810623169,0.6966763734817505,0.5665145516395569,0.4298139214515686,0.595543384552002,0.7574688196182251,0.752677321434021,0.3376120626926422,0.7961375713348389,0.8960970044136047,1.0,0.2695521414279938,1.0,0.8244354128837585,0.9989830255508424,0.3822977542877197,0.9513967633247375,0.7080275416374207,1.0,0.4685133397579193,1.0,0.7145952582359314,0.8888248205184937,0.5279179811477661,0.9251459240913392,0.6997332572937012,0.882968008518219,0.7154615521430969,0.8832365870475769
thinking_59.jpg,thinking,0.5854519605636597,0.7273880839347839,0.6308920383453369,0.6366031765937805,0.519324004650116,0.6523674130439758,0.6875341534614563,0.5733380913734436,0.4155517518520355,0.6057526469230652,0.7576289772987366,0.7546286582946777,0.3395514786243438,0.7927765846252441,0.891677975654602,1.0,0.2770565450191498,1.0,0.8220694661140442,1.0,0.3684212863445282,0.9517025351524352,0.700961709022522,1.0,0.4710476100444793,1.0,0.6685522198677063,0.896689236164093,0.5335333943367004,0.921492040157318,0.6593545079231262,0.8831859827041626,0.7555015683174133,0.8806576728820801
thinking_60.jpg,thinking,0.6024668216705322,0.7339752316474915,0.641612708568573,0.6445649862289429,0.5376750826835632,0.6625281572341919,0.6893192529678345,0.5725338459014893,0.424777090549469,0.6090419888496399,0.7576317191123962,0.7530341148376465,0.3284678161144256,0.7957549691200256,0.8910874724388123,1.0,0.2666262090206146,1.0,0.8012649416923523,1.0,0.3807984888553619,0.9533867835998536,0.692781388759613,1.0,0.4565751254558563,1.0,0.6628114581108093,0.8985157608985901,0.523436427116394,0.9286159873008728,0.6642354130744934,0.8857249021530151,0.7638275623321533,0.8801636099815369
thinking_61.jpg,thinking,0.6052603721618652,0.7232241034507751,0.6431025862693787,0.6292108297348022,0.5347435474395752,0.6543651819229126,0.6938062906265259,0.5676795840263367,0.4192724227905273,0.6220108270645142,0.7615923881530762,0.7495563626289368,0.3376507461071014,0.7967588305473328,0.8934271931648254,1.0,0.2706866264343261,1.0,0.8157970309257507,1.0,0.3788306415081024,0.9411067962646484,0.6897788047790527,1.0,0.4517416059970855,1.0,0.6867777705192566,0.876561164855957,0.5377978086471558,0.9021120071411132,0.6952419281005859,0.8691786527633667,0.7558035254478455,0.844142496585846
thinking_62.jpg,thinking,0.5965107083320618,0.7173010110855103,0.6299460530281067,0.6210930347442627,0.523905336856842,0.6552929878234863,0.6816067099571228,0.5574459433555603,0.4120232760906219,0.6329846382141113,0.7586373686790466,0.7452793121337891,0.3417005240917206,0.8009711503982544,0.8843817710876465,1.0,0.2712728679180145,1.0,0.8001317977905273,1.0,0.3784469068050384,0.9476622343063354,0.694219172000885,1.0,0.4597049653530121,1.0,0.6802294850349426,0.8676822185516357,0.5381399989128113,0.9017777442932128,0.7139534950256348,0.8686230182647705,0.7611894607543945,0.8479564189910889
thinking_63.jpg,thinking,0.5904453992843628,0.7172574996948242,0.6245471239089966,0.6219252347946167,0.5185703635215759,0.6554622650146484,0.6771484017372131,0.5595996975898743,0.4095210134983063,0.6335368156433105,0.7551445364952087,0.7469158172607422,0.3448815047740936,0.8014222979545593,0.887901782989502,1.0,0.2765375673770904,1.0,0.814311683177948,1.0,0.3748601973056793,0.94760400056839,0.6942218542098999,1.0,0.4656170904636383,1.0,0.6705266237258911,0.8658561110496521,0.5429492592811584,0.8994026780128479,0.7023878693580627,0.8662258982658386,0.7684491872787476,0.8473008275032043
thinking_64.jpg,thinking,0.5899571180343628,0.7196189165115356,0.6246837377548218,0.624723494052887,0.5186594128608704,0.6554087400436401,0.6762934327125549,0.5630415678024292,0.407276839017868,0.6304072141647339,0.7560553550720215,0.7522732615470886,0.3392530977725982,0.8034505844116211,0.889236569404602,1.0,0.2710477113723755,1.0,0.8092485666275024,1.0,0.3737402856349945,0.951105296611786,0.7034514546394348,1.0,0.4696396887302398,1.0,0.6796156764030457,0.8742914199829102,0.5364580154418945,0.9057868123054504,0.706588625907898,0.8761711716651917,0.7581602334976196,0.8568525910377502
thinking_65.jpg,thinking,0.5873643159866333,0.7197914123535156,0.6227714419364929,0.6238041520118713,0.5151707530021667,0.6551055908203125,0.676192581653595,0.5593032836914062,0.4055624902248382,0.6287075281143188,0.7566157579421997,0.7531260848045349,0.3459453880786896,0.7999425530433655,0.8895593881607056,1.0,0.2830139398574829,1.0,0.8122197985649109,1.0,0.3704992234706878,0.9407188892364502,0.700814962387085,1.0,0.4748289287090301,1.0,0.6620644927024841,0.8821588158607483,0.5498928427696228,0.9066024422645568,0.6895653605461121,0.8769643902778625,0.7799515724182129,0.8517582416534424
thinking_66.jpg,thinking,0.5863826870918274,0.7194037437438965,0.6218268871307373,0.623866856098175,0.5145896077156067,0.6555536985397339,0.6755301356315613,0.5612959861755371,0.4059534072875976,0.6311430931091309,0.7543824315071106,0.7499406933784485,0.3436005413532257,0.8017356395721436,0.8931989669799805,1.0,0.2773560583591461,1.0,0.8255397081375122,1.0,0.37251877784729,0.9450551867485046,0.6975166201591492,1.0,0.4691519439220428,1.0,0.6735076904296875,0.8767827749252319,0.5464415550231934,0.909107267856598,0.701196014881134,0.8739086389541626,0.7696396708488464,0.8565550446510315
thinking_67.jpg,thinking,0.5875347852706909,0.7215858697891235,0.6233596205711365,0.6269229054450989,0.5167551040649414,0.6565501689910889,0.6761295199394226,0.5635246634483337,0.4078074991703033,0.6286462545394897,0.7557925581932068,0.7538751363754272,0.3446557521820068,0.8024030327796936,0.8948423266410828,1.0,0.2820427715778351,1.0,0.8216401934623718,1.0,0.3719381988048553,0.9400123357772828,0.7023801207542419,1.0,0.4751771986484527,1.0,0.6704248785972595,0.882388174533844,0.5481994152069092,0.9096853733062744,0.6961416602134705,0.8761440515518188,0.7769902944564819,0.8551501631736755
thinking_68.jpg,thinking,0.5877717137336731,0.721392810344696,0.6248797178268433,0.6277183294296265,0.5177677273750305,0.6546144485473633,0.6774599552154541,0.565983772277832,0.4081076681613922,0.624805212020874,0.7557832598686218,0.7525572776794434,0.3420606851577759,0.8002515435218811,0.8924562335014343,1.0,0.278403103351593,1.0,0.8111782073974609,1.0,0.3721499443054199,0.9398380517959596,0.7052813172340393,1.0,0.4752872586250305,1.0,0.6761453747749329,0.8736361265182495,0.5426676869392395,0.9018869400024414,0.6920282244682312,0.8692286014556885,0.7648320198059082,0.8524977564811707
thinking_69.jpg,thinking,0.5893104076385498,0.7217528820037842,0.6288896799087524,0.6271148920059204,0.5185173749923706,0.6532498598098755,0.6840832233428955,0.5671938061714172,0.4099245965480804,0.6240676045417786,0.7577199935913086,0.7536213994026184,0.3441438674926758,0.7988129258155823,0.8908329010009766,1.0,0.2777746617794037,1.0,0.8168333172798157,1.0,0.372875839471817,0.9397196173667908,0.6997923254966736,1.0,0.4698587954044342,1.0,0.6767188906669617,0.8767202496528625,0.5451341271400452,0.9050307273864746,0.6890721917152405,0.86713707447052,0.7642936110496521,0.8526402115821838
thinking_70.jpg,thinking,0.5890588164329529,0.7207847833633423,0.6277880668640137,0.626493513584137,0.51860111951828,0.6532649993896484,0.6821214556694031,0.5648210048675537,0.4098945260047912,0.622754693031311,0.7556951642036438,0.7498143315315247,0.3424193561077118,0.7971289157867432,0.8952919244766235,1.0,0.2759495675563812,1.0,0.834332287311554,1.0,0.3713851273059845,0.9412590265274048,0.6963664889335632,1.0,0.4672175943851471,1.0,0.6713897585868835,0.8790382742881775,0.5427922010421753,0.9099081158638,0.6861082315444946,0.8698549866676331,0.7649421095848083,0.8563675880432129
thinking_71.jpg,thinking,0.5884124636650085,0.7224243879318237,0.6280917525291443,0.6278719902038574,0.5179401636123657,0.6535515785217285,0.6828912496566772,0.5661177635192871,0.4094460904598236,0.6218778491020203,0.7565709948539734,0.754227876663208,0.344895452260971,0.7975196242332458,0.8909903764724731,1.0,0.2832924127578735,1.0,0.8206844329833984,1.0,0.3713040351867676,0.937689244747162,0.6970594525337219,1.0,0.4707469046115875,1.0,0.6619118452072144,0.8853087425231934,0.5456429719924927,0.9084488153457642,0.6758335828781128,0.8753732442855835,0.7732863426208496,0.854984700679779
thinking_72.jpg,thinking,0.5885443687438965,0.7217296361923218,0.628203809261322,0.6277289390563965,0.5182406306266785,0.653559148311615,0.6832290291786194,0.5686065554618835,0.4099951684474945,0.6245074272155762,0.7553819417953491,0.7516877055168152,0.3450406193733215,0.7965394854545593,0.8900176882743835,1.0,0.2781347930431366,1.0,0.8175522685050964,1.0,0.3741483390331268,0.9397053122520448,0.699229896068573,1.0,0.4695123732089996,1.0,0.6785480380058289,0.8738740682601929,0.5399867296218872,0.9066873788833618,0.6921228766441345,0.8652355670928955,0.7538484930992126,0.8576869368553162
thinking_73.jpg,thinking,0.588119387626648,0.7239280939102173,0.6278853416442871,0.6303254961967468,0.5186039805412292,0.6550938487052917,0.6824100017547607,0.5672403573989868,0.410881757736206,0.6205991506576538,0.7564920783042908,0.7531810402870178,0.3439391851425171,0.7955560684204102,0.890330970287323,1.0,0.2820461690425873,1.0,0.8182159662246704,1.0,0.374173492193222,0.935006022453308,0.6992643475532532,1.0,0.4715875685214996,1.0,0.6645272374153137,0.8861079216003418,0.5404481291770935,0.911754310131073,0.6787059307098389,0.8749910593032837,0.7673574686050415,0.8598183393478394
thinking_74.jpg,thinking,0.5854393243789673,0.7277206778526306,0.6255887746810913,0.6366907954216003,0.5180981755256653,0.6586887240409851,0.6797153353691101,0.5716502070426941,0.4125358164310455,0.6188069581985474,0.7589371204376221,0.7543350458145142,0.3399232625961303,0.7980501651763916,0.8959026336669922,1.0,0.2781616151332855,1.0,0.8134908676147461,1.0,0.372361272573471,0.9385250806808472,0.7065086960792542,1.0,0.4765473306179046,1.0,0.6663617491722107,0.8983852863311768,0.5420598983764648,0.9203224778175354,0.6710267066955566,0.8848462700843811,0.7780227065086365,0.8667932748794556
thinking_75.jpg,thinking,0.5852878093719482,0.7290910482406616,0.625823438167572,0.6379719376564026,0.517993152141571,0.6586982011795044,0.6793867945671082,0.5723810791969299,0.4110375046730041,0.6165904402732849,0.7550033926963806,0.7548231482505798,0.3422327041625976,0.7953441143035889,0.8949013948440552,1.0,0.2821774482727051,1.0,0.8131629824638367,1.0,0.373143583536148,0.9440146684646606,0.7073707580566406,1.0,0.4812794327735901,1.0,0.6641525626182556,0.8969812989234924,0.5465041995048523,0.9245502948760986,0.6660718321800232,0.8757506608963013,0.7770015597343445,0.8688297271728516
thinking_76.jpg,thinking,0.5878307223320007,0.7245523929595947,0.6280940771102905,0.6317680478096008,0.5196268558502197,0.6549647450447083,0.6819793581962585,0.5682543516159058,0.4121651351451874,0.6176838278770447,0.7536196708679199,0.7531372308731079,0.341219037771225,0.7980411052703857,0.8925747275352478,1.0,0.2772837579250335,1.0,0.8168236017227173,1.0,0.3732717931270599,0.9399712681770324,0.6982182860374451,1.0,0.4702932834625244,1.0,0.6695210337638855,0.8853246569633484,0.5402817130088806,0.919663906097412,0.6803887486457825,0.8709138631820679,0.7667014598846436,0.8693596124649048
thinking_77.jpg,thinking,0.5893162488937378,0.723275363445282,0.6304153800010681,0.6312431693077087,0.5213675498962402,0.652334988117218,0.6841110587120056,0.5695703029632568,0.4128074645996094,0.6139962077140808,0.7559356093406677,0.7504832148551941,0.3387603461742401,0.7946645617485046,0.8966999053955078,1.0,0.274640828371048,1.0,0.8258089423179626,1.0,0.3769285380840301,0.9368828535079956,0.703050971031189,1.0,0.4705722033977508,1.0,0.6798459887504578,0.8810463547706604,0.5357136130332947,0.9155027270317078,0.6811729669570923,0.8712307214736938,0.7522575855255127,0.8708908557891846
thinking_78.jpg,thinking,0.5875117778778076,0.7263879776000977,0.6282837390899658,0.6382505893707275,0.5222858786582947,0.6561095118522644,0.680112361907959,0.579414427280426,0.4150009155273437,0.6162824034690857,0.7544255256652832,0.7525331377983093,0.3384499251842499,0.795985758304596,0.901715874671936,1.0,0.2735020816326141,1.0,0.8277389407157898,1.0,0.3748845756053924,0.944145679473877,0.7124843597412109,1.0,0.4789667725563049,1.0,0.6921831965446472,0.8844860792160034,0.5356078743934631,0.9178066849708556,0.6863282322883606,0.8747872114181519,0.7496278882026672,0.8738500475883484
thinking_79.jpg,thinking,0.5920404195785522,0.7169362306594849,0.6311065554618835,0.6244196891784668,0.5226587653160095,0.6479915976524353,0.6833733916282654,0.5705403089523315,0.4114486873149872,0.6213794350624084,0.7527914047241211,0.7528362274169922,0.3452901840209961,0.7985624074935913,0.8924035429954529,1.0,0.2799449861049652,1.0,0.8131882548332214,1.0,0.3759711682796478,0.940619945526123,0.7023416757583618,1.0,0.4721033275127411,1.0,0.6916359066963196,0.8737362623214722,0.5427990555763245,0.9101569056510924,0.6931684613227844,0.8670240640640259,0.7425628900527954,0.8643519878387451
thinking_80.jpg,thinking,0.5939074158668518,0.712407112121582,0.6327852606773376,0.6191014051437378,0.5241126418113708,0.6435350179672241,0.6851617097854614,0.5648348927497864,0.4122218191623688,0.6173495054244995,0.7557932734489441,0.7495927810668945,0.3395559787750244,0.7970837950706482,0.8924841284751892,1.0,0.2710434198379516,1.0,0.8151480555534363,1.0,0.3783681690692901,0.9427140951156616,0.7010989785194397,1.0,0.4637634456157684,1.0,0.6989688873291016,0.8745831251144409,0.531112015247345,0.9120413661003112,0.7060707211494446,0.8737617135047913,0.7296725511550903,0.870362401008606
thinking_81.jpg,thinking,0.5952112674713135,0.7082803249359131,0.6331539750099182,0.6159399747848511,0.5259515643119812,0.6399470567703247,0.6841047406196594,0.5633721947669983,0.4138315320014953,0.6150954365730286,0.7554407715797424,0.7512004375457764,0.3403819799423218,0.79854816198349,0.8971253633499146,1.0,0.2716057598590851,1.0,0.825111985206604,1.0,0.3754949271678924,0.943625032901764,0.7008256912231445,1.0,0.4665267467498779,1.0,0.6949301958084106,0.8783965110778809,0.5410963892936707,0.9120396971702576,0.6971355676651001,0.8744485378265381,0.7438070178031921,0.8641225695610046
thinking_82.jpg,thinking,0.5958797931671143,0.707440972328186,0.6344684958457947,0.6130001544952393,0.5253779292106628,0.6375361084938049,0.6861486434936523,0.5595566630363464,0.4114394187927246,0.6125357747077942,0.7559043765068054,0.7508265376091003,0.3389663696289062,0.7985528707504272,0.892642617225647,1.0,0.2696529328823089,1.0,0.813967227935791,1.0,0.3766562044620514,0.9533793926239014,0.7032435536384583,1.0,0.4665935933589935,1.0,0.6994749903678894,0.8736996054649353,0.5374363660812378,0.9116204977035522,0.7064666152000427,0.869574248790741,0.7369270920753479,0.8658438920974731
thinking_83.jpg,thinking,0.5930285453796387,0.7053035497665405,0.6328217387199402,0.6131287813186646,0.5243498682975769,0.6349757313728333,0.6849612593650818,0.5610774159431458,0.4132826924324035,0.6075204610824585,0.7555500864982605,0.7484039068222046,0.339514821767807,0.7956520915031433,0.8974842429161072,1.0,0.2696685791015625,1.0,0.8261289596557617,1.0,0.3790155947208404,0.94744074344635,0.7068565487861633,1.0,0.4712158143520355,1.0,0.6992143392562866,0.8770964741706848,0.5372893214225769,0.9155399203300476,0.6953030824661255,0.8711733818054199,0.7355388402938843,0.8705597519874573
thinking_84.jpg,thinking,0.588966429233551,0.7056151032447815,0.6300392150878906,0.612946093082428,0.5200846791267395,0.6333191990852356,0.6829929947853088,0.5629732012748718,0.4084198176860809,0.6062471270561218,0.7539604306221008,0.7521459460258484,0.3370301723480224,0.7980335354804993,0.8940597772598267,1.0,0.2676983475685119,1.0,0.81111079454422,1.0,0.3785406649112701,0.947787582874298,0.713227391242981,1.0,0.4749465584754944,1.0,0.7099014520645142,0.8793416023254395,0.5348238945007324,0.9213594794273376,0.702690064907074,0.8702484965324402,0.7243075370788574,0.8782408833503723
thinking_85.jpg,thinking,0.5929853320121765,0.7051642537117004,0.6328517198562622,0.6117240786552429,0.5236696004867554,0.6332203149795532,0.6845369338989258,0.55815190076828,0.4109137952327728,0.6039707064628601,0.7531318068504333,0.7499343752861023,0.3391367495059967,0.7972698211669922,0.8940844535827637,1.0,0.2716128826141357,1.0,0.8261890411376953,1.0,0.3783161640167236,0.9396516680717468,0.707144558429718,1.0,0.4737272262573242,1.0,0.6954134106636047,0.8851079940795898,0.540067195892334,0.9231693148612976,0.6890748739242554,0.875105082988739,0.7359718680381775,0.8736085891723633
thinking_86.jpg,thinking,0.595343291759491,0.7065216898918152,0.6347785592079163,0.614118218421936,0.5266339778900146,0.6352437734603882,0.6855654120445251,0.5607846975326538,0.4128791987895965,0.6054590940475464,0.7536342144012451,0.7486732602119446,0.3379110097885132,0.7953810691833496,0.8957485556602478,1.0,0.2654164731502533,1.0,0.8187018632888794,1.0,0.3778520226478576,0.94724839925766,0.7091979384422302,1.0,0.4729003012180328,1.0,0.702320396900177,0.8815093636512756,0.5370473861694336,0.927168905735016,0.6944970488548279,0.8701062798500061,0.729446291923523,0.879936158657074
thinking_87.jpg,thinking,0.5968313217163086,0.7040221691131592,0.6353108286857605,0.6097490191459656,0.5269671082496643,0.6328877210617065,0.6858986020088196,0.5538166165351868,0.4120794236660003,0.6034777760505676,0.7553828954696655,0.7475162744522095,0.3362080156803131,0.7950440049171448,0.8912046551704407,1.0,0.2660323679447174,1.0,0.8131519556045532,1.0,0.3771243989467621,0.9478396773338318,0.7042218446731567,1.0,0.4662403166294098,1.0,0.6947201490402222,0.8801745772361755,0.5281514525413513,0.9197120666503906,0.6939643025398254,0.8768799901008606,0.7226099371910095,0.876227855682373
thinking_88.jpg,thinking,0.5967234969139099,0.7061333656311035,0.6354292035102844,0.611746072769165,0.5272271633148193,0.6341262459754944,0.6857871413230896,0.5538783073425293,0.4123459756374359,0.6017798781394958,0.7549185156822205,0.7507321834564209,0.3352751731872558,0.7966309785842896,0.8916164636611938,1.0,0.266434907913208,1.0,0.8129663467407227,1.0,0.376834362745285,0.9524472951889038,0.7023923993110657,1.0,0.4659380912780761,1.0,0.6878281831741333,0.8860568404197693,0.5294494032859802,0.924414336681366,0.6869592666625977,0.8783241510391235,0.729061484336853,0.8780214786529541
thinking_89.jpg,thinking,0.5964686274528503,0.7060385942459106,0.6355635523796082,0.6122980713844299,0.5272967219352722,0.6338403224945068,0.685890793800354,0.5553295612335205,0.4122820794582367,0.601077675819397,0.755764901638031,0.74955815076828,0.3333505094051361,0.7971168756484985,0.8927556872367859,1.0,0.2634296119213104,1.0,0.8143510222434998,1.0,0.3770523369312286,0.9494805335998536,0.7080373764038086,1.0,0.4697341918945312,1.0,0.6936920285224915,0.8845708966255188,0.5317859649658203,0.923449456691742,0.6894916892051697,0.8805297613143921,0.7338967323303223,0.8798938989639282
thinking_90.jpg,thinking,0.5968707203865051,0.703397810459137,0.6352688670158386,0.6092336177825928,0.5270630121231079,0.6319172382354736,0.685276448726654,0.5539219379425049,0.4114022254943847,0.6024043560028076,0.754239022731781,0.7482296824455261,0.3360960185527801,0.7965471744537354,0.8944938778877258,1.0,0.2665408849716186,1.0,0.8211971521377563,1.0,0.3762373924255371,0.9465867280960084,0.706539511680603,1.0,0.4706935882568359,1.0,0.6941621899604797,0.8802985548973083,0.5369669795036316,0.9215626120567322,0.6902984976768494,0.8744913935661316,0.7338209748268127,0.8757354021072388
thinking_92.jpg,thinking,0.5965899229049683,0.7041850090026855,0.6345208883285522,0.6118264198303223,0.527398943901062,0.6341671943664551,0.6842091083526611,0.5593905448913574,0.4129071831703186,0.607505202293396,0.754688024520874,0.7496761083602905,0.3398471772670746,0.7954534888267517,0.8907068371772766,1.0,0.2708211839199066,1.0,0.8086639642715454,1.0,0.376806378364563,0.9449338912963868,0.7071647644042969,1.0,0.472050279378891,1.0,0.6934772729873657,0.8855849504470825,0.5352277159690857,0.9197094440460204,0.6875974535942078,0.8797611594200134,0.7294542193412781,0.8712082505226135
thinking_93.jpg,thinking,0.5938458442687988,0.7061683535575867,0.6322920918464661,0.6119077205657959,0.5244600176811218,0.6343877911567688,0.6826407313346863,0.5554996728897095,0.4101765751838684,0.603598415851593,0.753875195980072,0.7512320876121521,0.3357828855514526,0.800557017326355,0.8941585421562195,1.0,0.2676021158695221,1.0,0.8179073333740234,1.0,0.3794847428798675,0.9459465146064758,0.711904764175415,1.0,0.4756190776824951,1.0,0.6999392509460449,0.8819413781166077,0.5358821749687195,0.9237945675849916,0.6994863152503967,0.8721538782119751,0.7324771881103516,0.8750073909759521
thinking_94.jpg,thinking,0.5918741226196289,0.7039938569068909,0.6314245462417603,0.6106337904930115,0.52289217710495,0.63149094581604,0.6824700236320496,0.5571886301040649,0.4096181988716125,0.6020868420600891,0.7552748322486877,0.7516191601753235,0.33781298995018,0.7990102767944336,0.8946649432182312,1.0,0.273068904876709,1.0,0.8090636134147644,0.9977403283119202,0.3763833940029144,0.9528248310089112,0.7143431305885315,1.0,0.4786369800567627,1.0,0.7006949186325073,0.881992518901825,0.5390411615371704,0.9183475971221924,0.6952435374259949,0.8740134239196777,0.7348396182060242,0.8732752203941345
thinking_95.jpg,thinking,0.5922550559043884,0.7050983309745789,0.6323160529136658,0.6118891835212708,0.5234723091125488,0.631829559803009,0.6836749911308289,0.5565800666809082,0.4102039039134979,0.5994001030921936,0.7571648359298706,0.7534703612327576,0.3355465531349182,0.7975208163261414,0.8924620747566223,1.0,0.2683561742305755,1.0,0.8023128509521484,1.0,0.3746804296970367,0.9533767104148864,0.7137536406517029,1.0,0.476304143667221,1.0,0.6931838989257812,0.8940558433532715,0.5336025357246399,0.9266459345817566,0.6849159598350525,0.885337233543396,0.7336366772651672,0.8809151649475098
thinking_96.jpg,thinking,0.5935554504394531,0.6908639669418335,0.6330886483192444,0.5982018113136292,0.5257517099380493,0.6165919899940491,0.6827749013900757,0.5485860705375671,0.4122428894042969,0.5880107283592224,0.7536901831626892,0.7521106600761414,0.333832710981369,0.7961812019348145,0.8938947916030884,1.0,0.2637472748756408,1.0,0.8184346556663513,0.9997521042823792,0.3767348527908325,0.9526353478431702,0.7100798487663269,1.0,0.4696212410926819,1.0,0.7115282416343689,0.8868187665939331,0.5223613977432251,0.9240888357162476,0.6993219256401062,0.883334755897522,0.6971291899681091,0.884922444820404
thinking_97.jpg,thinking,0.5958254933357239,0.6767411231994629,0.632692813873291,0.5844568014144897,0.5273723006248474,0.603910505771637,0.6798420548439026,0.5435973405838013,0.4114091992378235,0.5867051482200623,0.7537941932678223,0.7511441707611084,0.3336500525474548,0.8004181981086731,0.8980588316917419,1.0,0.2648824155330658,1.0,0.8193010687828064,0.993941843509674,0.3803014457225799,0.941203474998474,0.7121182680130005,1.0,0.4670804440975189,1.0,0.7387060523033142,0.8698605298995972,0.5223490595817566,0.905708372592926,0.7162495851516724,0.8835926055908203,0.6694620847702026,0.8775503039360046
thinking_98.jpg,thinking,0.6149188876152039,0.6172546744346619,0.6502876281738281,0.5356310606002808,0.5493159294128418,0.5461782217025757,0.6917462348937988,0.5334237813949585,0.4339594841003418,0.5597498416900635,0.7645283937454224,0.7639340758323669,0.3566557466983795,0.7993390560150146,0.9014963507652284,1.0,0.2792580425739288,1.0,0.8247215151786804,1.0,0.3839634358882904,0.9424074292182922,0.7275351285934448,1.0,0.4870652854442596,1.0,0.7724103927612305,0.8633107542991638,0.539862334728241,0.8712769150733948,0.6966412663459778,0.8886045813560486,0.6303033828735352,0.84695965051651
thinking_99.jpg,thinking,0.6453871726989746,0.6034517884254456,0.6858791708946228,0.5201349258422852,0.5812427401542664,0.5226020216941833,0.7225532531738281,0.5279184579849243,0.4542183876037597,0.5309587717056274,0.7658366560935974,0.77663654088974,0.3502271771430969,0.815012514591217,0.9199895858764648,0.998325765132904,0.2590833604335785,1.0,0.9145988821983336,0.9899288415908812,0.3900097906589508,0.964401125907898,0.7297683954238892,1.0,0.4871716201305389,1.0,0.7880491614341736,0.8690522313117981,0.54662024974823,0.9121136665344238,0.7123183012008667,0.8776923418045044,0.6400270462036133,0.8842013478279114
thinking_101.jpg,thinking,0.5678519010543823,0.7104252576828003,0.637283444404602,0.64329594373703,0.525227963924408,0.6123217344284058,0.7091619372367859,0.6197428703308105,0.4510136544704437,0.5464813113212585,0.7784980535507202,0.782340943813324,0.3527467548847198,0.7911551594734192,0.8986989259719849,1.0,0.2726299464702606,1.0,0.7370373606681824,0.985144853591919,0.3759473860263824,0.964059829711914,0.7447194457054138,1.0,0.5083905458450317,1.0,0.7011972665786743,0.9333308339118958,0.5197142958641052,0.9267671704292296,0.5030566453933716,0.9105841517448424,0.6689149141311646,0.9277981519699096
thinking_102.jpg,thinking,0.5976933240890503,0.7482353448867798,0.6561813354492188,0.6648963093757629,0.540149450302124,0.6573365926742554,0.7178649306297302,0.6085031032562256,0.4439054429531097,0.5876039266586304,0.777115523815155,0.775153636932373,0.3466373085975647,0.8002421259880066,0.900030255317688,1.0,0.2687470912933349,1.0,0.7899068593978882,0.9924362301826476,0.3843257129192352,0.9567381143569946,0.7243041396141052,1.0,0.4822149276733398,1.0,0.7098920941352844,0.9173870086669922,0.515755295753479,0.94369238615036,0.6126180291175842,0.8781419992446899,0.6836414337158203,0.9089089035987854
thinking_103.jpg,thinking,0.5651978254318237,0.76182621717453,0.6268531680107117,0.6754480004310608,0.5043549537658691,0.6716483235359192,0.6992115378379822,0.6085432767868042,0.4144303500652313,0.5980216264724731,0.7802815437316895,0.7740960717201233,0.33856862783432,0.7933971285820007,0.9028528332710266,1.0,0.2728225588798523,1.0,0.7551330924034119,1.0,0.3697181642055511,0.9703351855278016,0.7342190742492676,1.0,0.4922642707824707,1.0,0.6699163913726807,0.917402446269989,0.5209363102912903,0.9281094670295716,0.584061324596405,0.8800784349441528,0.7339729070663452,0.8998159170150757
thinking_104.jpg,thinking,0.5606549978256226,0.7625700235366821,0.6152953505516052,0.675947904586792,0.4977697432041168,0.681919515132904,0.684245228767395,0.6037160754203796,0.407602995634079,0.6154313683509827,0.7735481262207031,0.7712902426719666,0.3350636959075928,0.793830156326294,0.89913409948349,1.0,0.2702699899673462,1.0,0.7705259323120117,1.0,0.3689343929290771,0.9669697284698486,0.7252492308616638,1.0,0.4884308278560638,1.0,0.6491175293922424,0.9292160272598268,0.5300477743148804,0.9342779517173768,0.601891040802002,0.8930395245552063,0.7761327624320984,0.8889492154121399
thinking_105.jpg,thinking,0.5585739016532898,0.7625228762626648,0.6130995750427246,0.6759008169174194,0.4952573478221893,0.6826898455619812,0.6806168556213379,0.6074672937393188,0.4022347033023834,0.6201004981994629,0.764439582824707,0.7650611400604248,0.3321278095245361,0.796161413192749,0.9034959673881532,1.0,0.2662096619606018,1.0,0.7845513224601746,1.0,0.3625499010086059,0.985421895980835,0.7226304411888123,1.0,0.4889848828315735,1.0,0.6516953706741333,0.919731616973877,0.5398616194725037,0.941490113735199,0.6031201481819153,0.8765348792076111,0.7849286198616028,0.8906426429748535
thinking_106.jpg,thinking,0.5414612889289856,0.7609007954597473,0.5951412320137024,0.6737393140792847,0.4795178472995758,0.681072473526001,0.6656964421272278,0.6081706881523132,0.3945691287517547,0.6246606707572937,0.7575237154960632,0.7746116518974304,0.32777801156044,0.8034505844116211,0.8620682954788208,1.0,0.2687968015670776,1.0,0.7071197032928467,0.9934604167938232,0.3558302521705627,0.9740686416625975,0.7030171751976013,1.0,0.4624669551849365,1.0,0.6551616191864014,0.920551598072052,0.4844073951244354,0.9101593494415284,0.6120932698249817,0.8925889134407043,0.6905418634414673,0.865595817565918
thinking_107.jpg,thinking,0.5456752181053162,0.7662526369094849,0.5999255776405334,0.677767276763916,0.4819158613681793,0.6865441799163818,0.6696429252624512,0.6054781675338745,0.3923915922641754,0.6229651570320129,0.7622813582420349,0.774848997592926,0.3253838121891022,0.8060516119003296,0.9047698974609376,1.0,0.2612030208110809,1.0,0.7957121133804321,1.0,0.3498295545578003,0.9963845610618592,0.7211095094680786,1.0,0.4904901087284088,1.0,0.6274803876876831,0.931003749370575,0.540012776851654,0.9433996081352234,0.5889015197753906,0.8888570070266724,0.8057182431221008,0.8911547660827637
thinking_108.jpg,thinking,0.5557413697242737,0.7767172455787659,0.607772946357727,0.6881263256072998,0.4908380508422851,0.6986193656921387,0.6743327379226685,0.6103813648223877,0.3962214589118957,0.6315041780471802,0.7620057463645935,0.7708912491798401,0.3289731740951538,0.8051895499229431,0.9032732844352722,1.0,0.2636896073818207,1.0,0.7947134971618652,1.0,0.3576086759567261,0.989962100982666,0.7253088355064392,1.0,0.4964290559291839,1.0,0.6302648782730103,0.9264992475509644,0.5484291315078735,0.9488788843154908,0.5931307673454285,0.8797589540481567,0.8144720196723938,0.8896140456199646
thinking_109.jpg,thinking,0.5554131865501404,0.7703406810760498,0.6057960987091064,0.6822798848152161,0.4901861846446991,0.6937825083732605,0.6712237596511841,0.5953752994537354,0.3974135816097259,0.6196829080581665,0.7635531425476074,0.7548282146453857,0.3268512487411499,0.7910853028297424,0.907936990261078,1.0,0.2638954818248749,1.0,0.8337665796279907,1.0,0.3538686335086822,0.9867080450057985,0.7131316661834717,1.0,0.4881599545478821,1.0,0.6038308143615723,0.9569262862205504,0.5467187166213989,0.972435176372528,0.5610898733139038,0.9095677137374878,0.8118793368339539,0.9110614061355592
thinking_110.jpg,thinking,0.5553659796714783,0.7673001885414124,0.603874921798706,0.6785845160484314,0.4893158376216888,0.6926217079162598,0.6681620478630066,0.5940648317337036,0.3951204717159271,0.6241635084152222,0.7634042501449585,0.7557149529457092,0.3252299129962921,0.7923833131790161,0.9063097238540648,1.0,0.2611751556396484,1.0,0.8293890357017517,1.0,0.3542016446590423,0.9868826866149902,0.7136206030845642,1.0,0.485497385263443,1.0,0.6087476015090942,0.9476051330566406,0.5392112731933594,0.9621813893318176,0.576032280921936,0.90481698513031,0.8007634282112122,0.9011972546577454
thinking_111.jpg,thinking,0.5581236481666565,0.7570709586143494,0.6059318780899048,0.6669893264770508,0.4908308684825897,0.6833903193473816,0.6695908904075623,0.6016849875450134,0.3922268450260162,0.6367985010147095,0.7578612565994263,0.7658987641334534,0.3302508294582367,0.8029863238334656,0.8976910710334778,1.0,0.2641142010688782,1.0,0.7895544171333313,1.0,0.3584195077419281,0.9904011487960817,0.7204247713088989,1.0,0.4859258234500885,1.0,0.6615819931030273,0.8949996829032898,0.5393509864807129,0.9173925518989564,0.6472073793411255,0.8664016127586365,0.7805076837539673,0.8654857277870178
thinking_112.jpg,thinking,0.5569182634353638,0.7525734901428223,0.6017565131187439,0.6596858501434326,0.4894116818904876,0.6779817938804626,0.6647567749023438,0.5891191959381104,0.3937088251113891,0.631659746170044,0.7574254870414734,0.7742946147918701,0.3289859294891357,0.8106026649475098,0.8698326349258423,1.0,0.2707431316375732,1.0,0.7288855314254761,0.99753737449646,0.3644043505191803,0.9897981286048888,0.688326895236969,1.0,0.4515201151371002,1.0,0.6389250159263611,0.9055503010749816,0.4931069016456604,0.8993127942085266,0.6147339344024658,0.887503445148468,0.698542058467865,0.8470425009727478
thinking_113.jpg,thinking,0.5525249242782593,0.7497398853302002,0.5970949530601501,0.654862105846405,0.4833016097545624,0.6757340431213379,0.6621041297912598,0.5814286470413208,0.388691633939743,0.6306222677230835,0.7601079940795898,0.7718273401260376,0.328306496143341,0.8093428611755371,0.8714443445205688,1.0,0.2730929851531982,1.0,0.7340049147605896,0.9988916516304016,0.3595746755599975,0.9963083267211914,0.686854362487793,1.0,0.4504139125347137,1.0,0.6271196603775024,0.9103103876113892,0.493746817111969,0.8947213292121887,0.6102928519248962,0.8949522972106934,0.709378182888031,0.8394551873207092
thinking_114.jpg,thinking,0.556168258190155,0.7480431795120239,0.5991886258125305,0.6527252197265625,0.4865581095218658,0.6753724813461304,0.662894606590271,0.5783683061599731,0.3906168639659881,0.6314912438392639,0.7599543333053589,0.7699556350708008,0.3283679187297821,0.8083639144897461,0.8677898645401001,1.0,0.2706486582756042,1.0,0.7274075746536255,0.9990944266319276,0.3645429611206054,0.9922352433204652,0.6842713952064514,1.0,0.4461483955383301,1.0,0.6287067532539368,0.907471001148224,0.48714080452919,0.8964563012123108,0.615919291973114,0.8969235420227051,0.6976368427276611,0.8451322317123413
thinking_115.jpg,thinking,0.5594096183776855,0.7430007457733154,0.6004025936126709,0.6487036347389221,0.4896896481513977,0.6728795170783997,0.6617587208747864,0.577467143535614,0.3916492462158203,0.6338964700698853,0.7581043243408203,0.7663949728012085,0.3291012346744537,0.8076527714729309,0.8703042268753052,1.0,0.2673723399639129,1.0,0.7323004603385925,1.0,0.3579021394252777,0.9943268895149232,0.684645414352417,1.0,0.4470054805278778,1.0,0.6335335969924927,0.9078564047813416,0.4934023916721344,0.9003279209136963,0.6211938261985779,0.89915931224823,0.703795850276947,0.8462157249450684
thinking_116.jpg,thinking,0.5595445036888123,0.7329007983207703,0.6038738489151001,0.6403539776802063,0.4914650022983551,0.6575722098350525,0.665385365486145,0.5768739581108093,0.3923235535621643,0.6170702576637268,0.7587512135505676,0.7686174511909485,0.3279750347137451,0.8014500141143799,0.876547634601593,1.0,0.2637793719768524,1.0,0.7303162813186646,1.0,0.3635742366313934,0.9672154188156128,0.6967484354972839,1.0,0.4543100893497467,1.0,0.6578220725059509,0.8954049944877625,0.4903914928436279,0.8964051604270935,0.6170194745063782,0.8869630694389343,0.6719454526901245,0.8573660850524902
thinking_117.jpg,thinking,0.5770570635795593,0.735953152179718,0.6186632513999939,0.6481342911720276,0.5108286738395691,0.6644909381866455,0.6724020838737488,0.5821554064750671,0.4046266973018646,0.6175180673599243,0.7600638270378113,0.7493830919265747,0.3219771087169647,0.7930283546447754,0.9057349562644958,1.0,0.2493395805358886,1.0,0.8304979205131531,1.0,0.3564223647117615,0.9656808376312256,0.7116960883140564,1.0,0.4702061116695404,1.0,0.6724395751953125,0.9221256375312804,0.5265054106712341,0.943911612033844,0.645457923412323,0.9040975570678712,0.7399551868438721,0.892284631729126
thinking_118.jpg,thinking,0.6364467144012451,0.7020020484924316,0.6707732081413269,0.607695996761322,0.5686337351799011,0.6248064637184143,0.7091922163963318,0.5573275685310364,0.4384217858314514,0.5937179923057556,0.7726073861122131,0.767277181148529,0.3251342475414276,0.811959445476532,0.8975974917411804,1.0,0.25614133477211,1.0,0.799254298210144,0.9777884483337402,0.405893862247467,0.9658549427986144,0.6996778845787048,1.0,0.4370926916599273,1.0,0.737548291683197,0.8720009326934814,0.4843993186950683,0.8884623646736145,0.7303522229194641,0.8855094313621521,0.6458815336227417,0.8446537256240845
thinking_119.jpg,thinking,0.6588939428329468,0.6860421895980835,0.689680814743042,0.5971732139587402,0.5955941677093506,0.6103415489196777,0.719626247882843,0.5562125444412231,0.4632811546325683,0.5833908319473267,0.7775065302848816,0.7767406702041626,0.3333176076412201,0.8160510659217834,0.8994483947753906,1.0,0.2665632963180542,1.0,0.795205295085907,0.9707656502723694,0.4296384453773498,0.959054708480835,0.6874270439147949,1.0,0.4260205328464508,1.0,0.7285297513008118,0.9174906015396118,0.4727260172367096,0.9210798144340516,0.7041885256767273,0.9333683252334596,0.6215032339096069,0.8719275593757629
excited_0.jpg,excited,0.4154887795448303,0.4271638989448547,0.4576160013675689,0.3851180672645569,0.409832090139389,0.3845405578613281,0.5560886859893799,0.4151405692100525,0.4174316823482513,0.407007485628128,0.6641501784324646,0.6227991580963135,0.3562996983528137,0.6068647503852844,0.8362497687339783,0.7046467065811157,0.1778596937656402,0.6729965806007385,0.8023544549942017,0.4257529973983764,0.200211688876152,0.424442708492279,0.5974822640419006,1.0,0.3965683877468109,1.0,0.583405077457428,0.8857036828994751,0.2830357253551483,0.8809201121330261,0.6410533785820007,0.848900556564331,0.4085054397583008,0.8502921462059021
excited_1.jpg,excited,0.4925068020820617,0.4469906091690063,0.5327479839324951,0.3949152827262878,0.4631514549255371,0.3916996121406555,0.5893430113792419,0.4088122546672821,0.4236538112163543,0.3993802368640899,0.6767301559448242,0.6245865821838379,0.3382657766342163,0.6220881342887878,0.8419460654258728,0.7077460289001465,0.1647691279649734,0.7044274210929871,0.7909427881240845,0.4810410439968109,0.2180548906326294,0.4338966012001037,0.6318122744560242,1.0,0.4119842052459717,1.0,0.6615874767303467,0.8438366651535034,0.3146911263465881,0.8513357043266296,0.6641092300415039,0.8454580307006836,0.3939014375209808,0.8451740145683289
excited_2.jpg,excited,0.5063023567199707,0.4433580040931701,0.5429505109786987,0.3902872800827026,0.4735384881496429,0.3903401494026184,0.5903419852256775,0.4019840955734253,0.4270615577697754,0.4003941714763641,0.6720007658004761,0.6212118864059448,0.3388510346412658,0.6203711628913879,0.8305932879447937,0.7081605195999146,0.164746955037117,0.6996299028396606,0.7903631329536438,0.4789535999298095,0.2166886776685714,0.42948779463768,0.6268084049224854,1.0,0.4095524251461029,1.0,0.6632705926895142,0.8422497510910034,0.3165023922920227,0.8521726131439209,0.681537926197052,0.8485292196273804,0.3939361572265625,0.8447282314300537
excited_3.jpg,excited,0.5179118514060974,0.4451843500137329,0.549985945224762,0.3900728523731231,0.4819540977478027,0.395482450723648,0.5919100642204285,0.3974435925483703,0.4308832287788391,0.408889889717102,0.6777552962303162,0.6179706454277039,0.3408423066139221,0.6216721534729004,0.8338384032249451,0.7115586996078491,0.1650488227605819,0.6979600787162781,0.7943093180656433,0.4878377616405487,0.2171942293643951,0.4345678687095642,0.6265620589256287,1.0,0.4082730710506439,1.0,0.663136899471283,0.8451204299926758,0.3234120905399322,0.851138174533844,0.6899000406265259,0.8551454544067383,0.4002675712108612,0.8363335132598877
excited_4.jpg,excited,0.5288388133049011,0.4481323659420013,0.5572871565818787,0.3935418128967285,0.4923594892024994,0.4006146192550659,0.5919679403305054,0.3964390754699707,0.4355097711086273,0.4125726521015167,0.6659117341041565,0.6137672066688538,0.3473156988620758,0.6121878027915955,0.8220575451850891,0.7216525673866272,0.1665031015872955,0.681629478931427,0.7765477299690247,0.4720557630062103,0.1981761902570724,0.4135495126247406,0.6063088774681091,1.0,0.4022843539714813,1.0,0.6537925601005554,0.8668529391288757,0.3645754158496856,0.8818300366401672,0.6900991797447205,0.8650827407836914,0.4501898884773254,0.856925904750824
excited_5.jpg,excited,0.5345456004142761,0.4492982029914856,0.5613411068916321,0.3910021483898163,0.495861679315567,0.3996718823909759,0.594817578792572,0.3933902680873871,0.4346538484096527,0.4131702780723572,0.6712561249732971,0.6181471347808838,0.3469187319278717,0.6262301206588745,0.8257622718811035,0.7334049344062805,0.1618034839630127,0.7122725248336792,0.7906509637832642,0.509673535823822,0.198603019118309,0.4314744472503662,0.6194764375686646,1.0,0.4074342250823974,1.0,0.6570533514022827,0.8570191860198975,0.3221261203289032,0.8775421977043152,0.6777010560035706,0.8473578095436096,0.3647976815700531,0.8395751714706421
excited_6.jpg,excited,0.5357330441474915,0.4510541558265686,0.5618357062339783,0.3931704461574554,0.4969532489776611,0.4022920727729797,0.595100462436676,0.3946227133274078,0.436018705368042,0.4160727858543396,0.6719098687171936,0.6180654168128967,0.3510659337043762,0.6262065172195435,0.8209562301635742,0.7375479340553284,0.1729178726673126,0.7210832238197327,0.7881336808204651,0.5151589512825012,0.1960034221410751,0.461213082075119,0.6174538731575012,1.0,0.4076656401157379,1.0,0.6542995572090149,0.8682806491851807,0.3240945041179657,0.8771613836288452,0.6808313131332397,0.8621172904968262,0.3684130609035492,0.8387193083763123
excited_7.jpg,excited,0.5361822843551636,0.4527111053466797,0.5630294680595398,0.3944055438041687,0.4975536465644836,0.4034897089004516,0.597043514251709,0.394734114408493,0.4366271197795868,0.4155083000659942,0.6717522144317627,0.614224910736084,0.3498096168041229,0.6252315640449524,0.8228130340576172,0.7227256894111633,0.1724358648061752,0.7163859605789185,0.7910887002944946,0.5022385716438293,0.2009825557470321,0.4560551643371582,0.6186093688011169,1.0,0.4076386988162994,1.0,0.660955548286438,0.8668921589851379,0.3272469639778137,0.8795531392097473,0.6916086077690125,0.863301157951355,0.3781427443027496,0.843963623046875
excited_8.jpg,excited,0.5354456305503845,0.4545008540153503,0.5620585680007935,0.3959324955940246,0.4970519244670868,0.4051598906517029,0.5957693457603455,0.3948271572589874,0.4365154206752777,0.415928304195404,0.6724628806114197,0.6117798089981079,0.3492628335952759,0.6251251101493835,0.8277359008789062,0.712539553642273,0.1683092415332794,0.7121585011482239,0.8029489517211914,0.4890964031219482,0.1880475133657455,0.4448985755443573,0.6212285161018372,1.0,0.4093038737773895,1.0,0.662566602230072,0.8672275543212891,0.3230950534343719,0.8776208162307739,0.6956323981285095,0.8669894337654114,0.3740073144435882,0.843228816986084
excited_9.jpg,excited,0.5345582365989685,0.4551643431186676,0.5608437657356262,0.3966813087463379,0.4961048662662506,0.4062711894512176,0.5945976376533508,0.3949192464351654,0.435798704624176,0.4171508252620697,0.6720544099807739,0.608661949634552,0.3506598770618438,0.6262344717979431,0.8292863965034485,0.707201361656189,0.1738433092832565,0.7187345623970032,0.8009495139122009,0.483509212732315,0.1897562593221664,0.4531572759151459,0.6207327246665955,1.0,0.4099721610546112,1.0,0.6614757776260376,0.8625562191009521,0.3249179422855377,0.8727487921714783,0.6893972158432007,0.8652077317237854,0.3732078075408935,0.8408322930335999
excited_10.jpg,excited,0.5344133973121643,0.4540144205093384,0.5616876482963562,0.3969913423061371,0.4963397979736328,0.4047665297985077,0.5956053137779236,0.398843377828598,0.4356194138526916,0.4169880449771881,0.6710853576660156,0.6121953129768372,0.3501611053943634,0.6269057989120483,0.8254491686820984,0.710750937461853,0.176559492945671,0.720185399055481,0.797487199306488,0.4875975847244262,0.1904543191194534,0.4548135101795196,0.6198598146438599,1.0,0.4082637429237366,1.0,0.6629120707511902,0.8705452680587769,0.3200395703315735,0.8772174119949341,0.6893367767333984,0.8731067180633545,0.3661675155162811,0.8460851907730103
excited_11.jpg,excited,0.5362070202827454,0.4543438851833343,0.5625116229057312,0.3970091044902801,0.4979212284088135,0.4062998294830322,0.5960554480552673,0.3973186612129211,0.4378773272037506,0.4188592731952667,0.6715527176856995,0.6114009022712708,0.3522240817546844,0.6255884766578674,0.8245920538902283,0.7143167853355408,0.1741079539060592,0.7167792916297913,0.7929197549819946,0.4947167038917541,0.1924919635057449,0.4572124779224396,0.617848813533783,1.0,0.4089170396327972,1.0,0.6587373614311218,0.8670619130134583,0.3309654295444488,0.8774881362915039,0.6851720809936523,0.8684650659561157,0.3815636336803436,0.8451995253562927
excited_12.jpg,excited,0.5366227030754089,0.4520039558410644,0.5642997026443481,0.3952160179615021,0.4987144470214844,0.4030337333679199,0.599003255367279,0.3984923362731933,0.439270943403244,0.416339635848999,0.6738366484642029,0.6152233481407166,0.3524373471736908,0.6265658736228943,0.8296381831169128,0.7134754061698914,0.1738324165344238,0.7143169641494751,0.8020216226577759,0.4953174293041229,0.1988781243562698,0.455391377210617,0.6201870441436768,1.0,0.4093194901943207,1.0,0.6622015833854675,0.8676255941390991,0.3259858191013336,0.879605770111084,0.687405526638031,0.8661022782325745,0.3743732571601867,0.8472529649734497
excited_13.jpg,excited,0.5362653732299805,0.4543291330337524,0.5639034509658813,0.3968713283538818,0.497894138097763,0.4057943522930145,0.5994623303413391,0.3977120220661163,0.4388692080974579,0.4180727005004883,0.6764245629310608,0.612754225730896,0.3520615696907043,0.6249021887779236,0.8304888606071472,0.7166252732276917,0.1730054467916488,0.7154248952865601,0.799364447593689,0.4974553287029266,0.1982994079589843,0.456081360578537,0.6214503645896912,1.0,0.4094982147216797,1.0,0.6611859202384949,0.8731969594955444,0.3308823704719543,0.8827425241470337,0.6887314915657043,0.8721755743026733,0.3873650729656219,0.8486691117286682
excited_14.jpg,excited,0.5369681715965271,0.4551497995853424,0.5643894076347351,0.3969464600086212,0.4985366761684418,0.4055099785327911,0.5991642475128174,0.3969590663909912,0.4383883476257324,0.4166695475578308,0.6765527725219727,0.6136357188224792,0.351540744304657,0.6254764795303345,0.8320894241333008,0.7136930227279663,0.1746496707201004,0.7128852605819702,0.7992231845855713,0.4921694099903106,0.2012701779603958,0.4514380991458893,0.6215906143188477,1.0,0.4083885848522186,1.0,0.6617186665534973,0.8705959916114807,0.3226254880428314,0.8790053725242615,0.689020037651062,0.8704251050949097,0.3729389607906341,0.8454338312149048
excited_15.jpg,excited,0.5371506810188293,0.4541857838630676,0.5643587708473206,0.3963631391525268,0.4986492097377777,0.4051414728164673,0.5993437170982361,0.3967711329460144,0.4393008351325989,0.4172585904598236,0.6795575022697449,0.6125226616859436,0.3527241945266723,0.6251384019851685,0.8361418843269348,0.7152523994445801,0.1726392954587936,0.7164875268936157,0.799566924571991,0.4895803928375244,0.1999953091144561,0.4537875056266784,0.6247119903564453,1.0,0.4108457565307617,1.0,0.6612984538078308,0.8667659759521484,0.3246815204620361,0.8750919699668884,0.6821377873420715,0.8686994314193726,0.3730826377868652,0.84373939037323
excited_16.jpg,excited,0.536478579044342,0.4529101252555847,0.5634584426879883,0.3947195708751678,0.4977321624755859,0.4041912257671356,0.5984522104263306,0.3950926065444946,0.438169777393341,0.4172868430614471,0.6801168322563171,0.6130222678184509,0.3520786762237549,0.6253356337547302,0.8367194533348083,0.7167683243751526,0.1748605817556381,0.7136156558990479,0.7968417406082153,0.4911850988864898,0.1992168724536895,0.4538276195526123,0.6237910389900208,1.0,0.4088920652866363,1.0,0.6612316966056824,0.8712916374206543,0.3217906951904297,0.8766186237335205,0.6896077394485474,0.8709655404090881,0.3739362061023712,0.8415365815162659
excited_17.jpg,excited,0.5366217494010925,0.4549672603607178,0.5641486048698425,0.3962280452251434,0.4980822503566742,0.4047098159790039,0.5993489027023315,0.3952682614326477,0.4382452070713043,0.4149705469608307,0.6787296533584595,0.6138157248497009,0.3513228595256805,0.6256362795829773,0.8362818956375122,0.7137880921363831,0.1734528541564941,0.7140468955039978,0.8045102953910828,0.4938031733036041,0.1985939741134643,0.4559028148651123,0.6239628195762634,1.0,0.410106897354126,1.0,0.6627146601676941,0.8715718388557434,0.3249498307704925,0.8776417374610901,0.6886970400810242,0.8715382218360901,0.3761173784732818,0.8434891104698181
excited_18.jpg,excited,0.5373772978782654,0.4552930295467376,0.5653678774833679,0.3970161378383636,0.4994986057281494,0.4043110013008117,0.5999831557273865,0.3969654142856598,0.4388777315616607,0.4135527014732361,0.6777151226997375,0.6160436272621155,0.3497620820999145,0.6265420317649841,0.8345045447349548,0.7149099111557007,0.1739966720342636,0.7145740389823914,0.8014571070671082,0.494385689496994,0.1983636170625686,0.4553646147251129,0.6248369216918945,1.0,0.4104103744029999,1.0,0.6656856536865234,0.8687351942062378,0.3228967785835266,0.8753642439842224,0.6948992609977722,0.8667646646499634,0.3764505982398987,0.8417001962661743
excited_19.jpg,excited,0.5390641689300537,0.4507622122764587,0.5675210356712341,0.394733190536499,0.502196729183197,0.4001471996307373,0.6010124087333679,0.3987615704536438,0.4413661956787109,0.4107151925563812,0.6746113896369934,0.6150615215301514,0.3498032987117767,0.623001217842102,0.8315431475639343,0.7107989192008972,0.1720781624317169,0.7116414904594421,0.8004075884819031,0.4878041744232178,0.1984500885009765,0.4544468522071838,0.6244674921035767,1.0,0.4113616049289703,1.0,0.6722173094749451,0.8598317503929138,0.3298330008983612,0.8700003623962402,0.6999722719192505,0.8592087030410767,0.3851388394832611,0.8408772349357605
excited_20.jpg,excited,0.5498449206352234,0.4404704570770263,0.5760722160339355,0.3864708244800567,0.5121124386787415,0.3905993402004242,0.6042594313621521,0.3966650068759918,0.4440195262432098,0.4062045514583587,0.6717008948326111,0.6176598072052002,0.3494769632816314,0.6225858330726624,0.8269407153129578,0.7272055745124817,0.1669661849737167,0.7223823070526123,0.7946380972862244,0.5033823251724243,0.1940631717443466,0.4584650993347168,0.6194111704826355,1.0,0.4080041348934173,1.0,0.6639634370803833,0.8587983846664429,0.3280215859413147,0.8761096000671387,0.6689283847808838,0.8520321249961853,0.3606238067150116,0.8427796363830566
excited_21.jpg,excited,0.5449625849723816,0.4370652735233307,0.5716933608055115,0.384284645318985,0.5070497393608093,0.3884593546390533,0.6016349196434021,0.3969742655754089,0.4409998059272766,0.4069314002990722,0.6698965430259705,0.6160668134689331,0.3508446216583252,0.620744526386261,0.825823962688446,0.7281070947647095,0.1697573512792587,0.7248249053955078,0.7956724762916565,0.5018337965011597,0.1999449282884597,0.4644258916378021,0.6187401413917542,1.0,0.408292293548584,1.0,0.6620834469795227,0.8616900444030762,0.326498419046402,0.880827009677887,0.6618892550468445,0.8550921678543091,0.3533357083797455,0.8497592210769653
excited_22.jpg,excited,0.5432384610176086,0.4391604363918304,0.5689339637756348,0.3844893872737884,0.5048437118530273,0.3905791044235229,0.598340630531311,0.3939306437969208,0.4384540617465973,0.4082038104534149,0.6692021489143372,0.6156836152076721,0.3494373261928558,0.6223514080047607,0.8269224166870117,0.72822105884552,0.1710475981235504,0.7224111557006836,0.7962446808815002,0.5020352602005005,0.2002216428518295,0.4640079140663147,0.6201010942459106,1.0,0.4094370305538177,1.0,0.6643000841140747,0.8578811287879944,0.327580451965332,0.8767501711845398,0.6764779090881348,0.8520128130912781,0.3600964248180389,0.8440195918083191
excited_23.jpg,excited,0.5415928959846497,0.4392786920070648,0.5678619742393494,0.3846067488193512,0.5034361481666565,0.3908189237117767,0.5983399152755737,0.3937524259090423,0.4393578171730041,0.4082579016685486,0.6704393625259399,0.617850661277771,0.3496894538402557,0.6221663355827332,0.8254637122154236,0.7334131598472595,0.1714211553335189,0.7205979824066162,0.7978900671005249,0.5058690905570984,0.2008302509784698,0.4627231955528259,0.6196738481521606,1.0,0.4098416864871979,1.0,0.665032684803009,0.8600660562515259,0.3360638320446014,0.8743016719818115,0.684079647064209,0.8542677760124207,0.3799674212932586,0.840470016002655
excited_24.jpg,excited,0.5437654852867126,0.4395674765110016,0.5695707201957703,0.3844153881072998,0.5053650140762329,0.3910076320171356,0.5995662808418274,0.3925977349281311,0.4404540061950683,0.4079828560352325,0.6710982918739319,0.6164206862449646,0.3513443171977997,0.6209800243377686,0.8257883191108704,0.7334560751914978,0.172309473156929,0.7197441458702087,0.7988715767860413,0.5067908763885498,0.201023131608963,0.4613207280635834,0.6198776364326477,1.0,0.4102238714694977,1.0,0.6635533571243286,0.8602932691574097,0.33304363489151,0.875685453414917,0.6811785697937012,0.8541292548179626,0.3717631995677948,0.8411481380462646
excited_25.jpg,excited,0.5450096130371094,0.4420980513095855,0.5705634951591492,0.386013776063919,0.5061010122299194,0.3932326436042785,0.6004192233085632,0.3930416405200958,0.4400516152381897,0.4097282588481903,0.6717435121536255,0.618446409702301,0.3505774140357971,0.6234389543533325,0.8246515393257141,0.7372371554374695,0.1743761301040649,0.7218733429908752,0.8002023696899414,0.5154564380645752,0.2039211839437484,0.4639365673065185,0.6196702718734741,1.0,0.4091362059116363,1.0,0.6636168360710144,0.8656125068664551,0.3311099708080292,0.8794696927070618,0.6852340698242188,0.8594436645507812,0.3707488477230072,0.8429343104362488
excited_26.jpg,excited,0.5461965799331665,0.4432088732719421,0.5726174712181091,0.3882517516613006,0.5081096291542053,0.3931348323822021,0.6021267771720886,0.3966943621635437,0.4412872493267059,0.4080177843570709,0.6698192358016968,0.6198428273200989,0.3503533601760864,0.6222065091133118,0.8233327865600586,0.7366229295730591,0.1715776771306991,0.7221511006355286,0.7945745587348938,0.5117875337600708,0.201880931854248,0.4617840051651001,0.617128312587738,1.0,0.4067339599132538,1.0,0.6630944013595581,0.8643516302108765,0.3267947137355804,0.8814283013343811,0.6736871004104614,0.858373761177063,0.3579678833484649,0.8497518301010132
excited_27.jpg,excited,0.5449485778808594,0.4408086240291595,0.5720712542533875,0.3864783048629761,0.5068269968032837,0.3911851942539215,0.6027966737747192,0.3970129191875458,0.4416227340698242,0.4080230295658111,0.6715547442436218,0.6211680769920349,0.3512259423732757,0.6231358647346497,0.8246726989746094,0.7366909980773926,0.1722698956727981,0.721216082572937,0.7981894612312317,0.5136613845825195,0.2029891461133957,0.4613487422466278,0.6199250817298889,1.0,0.4096724092960357,1.0,0.6675295233726501,0.8635247945785522,0.3341550230979919,0.8795551657676697,0.6793308258056641,0.8546077609062195,0.3701232075691223,0.8451504707336426
excited_28.jpg,excited,0.5456108450889587,0.4443520605564117,0.5733561515808105,0.3883304595947265,0.5068722367286682,0.393292635679245,0.60470050573349,0.3970817625522613,0.4402461946010589,0.4082858562469482,0.6724032759666443,0.6240172982215881,0.3470639884471893,0.6235398054122925,0.8228080868721008,0.7405170202255249,0.1667978763580322,0.7200562357902527,0.7957471609115601,0.5067408084869385,0.2033791095018386,0.4574851989746094,0.6152533888816833,1.0,0.4012013971805572,1.0,0.6638845801353455,0.8545219898223877,0.3192461431026459,0.8720647692680359,0.6783527135848999,0.8523550033569336,0.3521534502506256,0.8474709391593933
excited_29.jpg,excited,0.5442031621932983,0.4454430639743805,0.5721613168716431,0.3904838860034942,0.506229043006897,0.3940021097660064,0.6032856702804565,0.3997405469417572,0.4402651786804199,0.4076989591121673,0.6700684428215027,0.6235221028327942,0.349082350730896,0.624330997467041,0.8258064389228821,0.7363777756690979,0.1724316179752349,0.725500226020813,0.8012602925300598,0.5151611566543579,0.2082986384630203,0.4738619029521942,0.6181362867355347,1.0,0.4076321125030517,1.0,0.668327808380127,0.8533331751823425,0.3326228260993957,0.8723297715187073,0.6743472218513489,0.8509024381637573,0.3643370866775512,0.8489270806312561
excited_30.jpg,excited,0.5418729186058044,0.4446760416030884,0.5692815780639648,0.3898594677448272,0.5043544173240662,0.3946575224399566,0.60059654712677,0.398267388343811,0.4405413568019867,0.4092238247394562,0.6702624559402466,0.6191273331642151,0.3496033847332001,0.6231837272644043,0.8282327055931091,0.7291057705879211,0.1663455069065094,0.7174163460731506,0.802136242389679,0.512894868850708,0.1950940936803817,0.4593406319618225,0.6204966902732849,1.0,0.4097009599208832,1.0,0.6710652112960815,0.859129786491394,0.3327357172966003,0.8778927326202393,0.6861760020256042,0.8491101861000061,0.3706338703632355,0.8426104784011841
excited_31.jpg,excited,0.5385827422142029,0.4444104731082916,0.5660667419433594,0.38826584815979,0.4998385608196258,0.3948170840740204,0.5982592701911926,0.3958996534347534,0.4353233873844147,0.4105599224567413,0.6708017587661743,0.6168663501739502,0.3442392349243164,0.6241632699966431,0.8294874429702759,0.7289800643920898,0.1668540090322494,0.7241485118865967,0.7993249297142029,0.4920163154602051,0.2102360725402832,0.4538449943065643,0.620830237865448,1.0,0.4066133499145508,1.0,0.6701712608337402,0.8507652878761292,0.3313729465007782,0.8730687499046326,0.6877560019493103,0.8471866846084595,0.3754863440990448,0.8452662825584412
excited_32.jpg,excited,0.54150390625,0.4427826106548309,0.5686631202697754,0.3882385492324829,0.5039933919906616,0.3929081559181213,0.5991140604019165,0.3973501324653625,0.4391252100467682,0.4080268144607544,0.6710300445556641,0.617602527141571,0.3484550714492798,0.6216999292373657,0.8313130736351013,0.7323904633522034,0.1665333956480026,0.7214468121528625,0.7936782836914062,0.4965002238750458,0.199747547507286,0.4536371529102325,0.6240584254264832,1.0,0.4116413295269012,1.0,0.6698396801948547,0.8516831994056702,0.3300162255764007,0.8737531900405884,0.6817864775657654,0.8424020409584045,0.3672373294830322,0.8422390222549438
excited_33.jpg,excited,0.5482792854309082,0.4410324990749359,0.5729541182518005,0.3848078548908233,0.5094369649887085,0.3911466598510742,0.6001676917076111,0.3910272419452667,0.4397623538970947,0.405735969543457,0.6707294583320618,0.61502605676651,0.3481782376766205,0.6208537220954895,0.8298317193984985,0.7356708645820618,0.1674612611532211,0.7212218046188354,0.8006429672241211,0.5151379704475403,0.1947863847017288,0.4559548795223236,0.6228419542312622,1.0,0.4116466641426086,1.0,0.6668567061424255,0.854921281337738,0.334219366312027,0.8747904300689697,0.6788694262504578,0.8501263856887817,0.3679164350032806,0.8410934805870056
excited_34.jpg,excited,0.5502897500991821,0.4426402151584625,0.575343132019043,0.3876092433929443,0.5116578340530396,0.393055111169815,0.6020417213439941,0.3965875804424286,0.4412214457988739,0.4088552594184875,0.6690163612365723,0.6204323172569275,0.3457679748535156,0.6222631931304932,0.8237780928611755,0.7423372268676758,0.1670339852571487,0.7269102334976196,0.7935193777084351,0.5079878568649292,0.2066973000764846,0.4677432179450989,0.6185024380683899,1.0,0.4067058563232422,1.0,0.6722099184989929,0.8381190896034241,0.3391249179840088,0.8611413240432739,0.6848384737968445,0.8418181538581848,0.3753823041915893,0.8409799337387085
excited_35.jpg,excited,0.5476187467575073,0.4432227313518524,0.5742902159690857,0.3882134258747101,0.5089621543884277,0.3927003145217895,0.6035935282707214,0.3974925577640533,0.4401867389678955,0.4076208472251892,0.669404923915863,0.6201202869415283,0.3464967608451843,0.6222043633460999,0.8206999897956848,0.7348045706748962,0.1686916351318359,0.7272176742553711,0.7951623201370239,0.5123043656349182,0.2093025296926498,0.478655457496643,0.617306649684906,1.0,0.4049691259860992,1.0,0.6667830348014832,0.8508332371711731,0.3284136950969696,0.8692438006401062,0.6748217940330505,0.8523936867713928,0.3603618443012237,0.8458548188209534
excited_36.jpg,excited,0.5387863516807556,0.43695929646492,0.5647542476654053,0.3814181983470917,0.5002979636192322,0.3888126313686371,0.5956573486328125,0.3902246654033661,0.4372998774051666,0.4074495136737823,0.6698904037475586,0.6179229617118835,0.3484971225261688,0.6230142712593079,0.8253249526023865,0.7311379909515381,0.169759064912796,0.714585542678833,0.8054741024971008,0.5084528923034668,0.1993064433336258,0.4559075534343719,0.6211581230163574,1.0,0.4107261598110199,1.0,0.6674994826316833,0.8674606680870056,0.3335635364055633,0.8806376457214355,0.6981026530265808,0.8586035370826721,0.3800252377986908,0.8405658006668091
excited_37.jpg,excited,0.5380901098251343,0.4373151361942291,0.5643224120140076,0.381096601486206,0.4983691275119781,0.3892752826213836,0.5960226058959961,0.3903976678848266,0.4340129792690277,0.4097377955913543,0.671389639377594,0.6187349557876587,0.3455630540847778,0.6225225925445557,0.8241065144538879,0.7411115169525146,0.167357251048088,0.7195846438407898,0.7904365062713623,0.5032646059989929,0.2055148929357528,0.4605995416641235,0.6171086430549622,1.0,0.4032094180583954,1.0,0.6642634272575378,0.8442923426628113,0.3250365257263183,0.861957848072052,0.6868773698806763,0.8465997576713562,0.3641965091228485,0.8385236263275146
excited_38.jpg,excited,0.5407533049583435,0.4360150992870331,0.566396176815033,0.3802185952663421,0.5014914870262146,0.3875696957111358,0.5966610312461853,0.3897988498210907,0.4362544119358063,0.4071358144283294,0.6704816222190857,0.6204844117164612,0.3451541066169739,0.6224551200866699,0.8241400122642517,0.7397558093070984,0.1659844666719436,0.7223094701766968,0.7962160110473633,0.5075724124908447,0.2085079699754715,0.4767526388168335,0.6137987375259399,1.0,0.401174783706665,1.0,0.6575684547424316,0.8476943969726562,0.3222836554050445,0.8634914755821228,0.6767613291740417,0.8471710085868835,0.3580148220062256,0.8361441493034363
excited_39.jpg,excited,0.542493999004364,0.4377715587615967,0.5679203271865845,0.3813614845275879,0.5032912492752075,0.388736754655838,0.5977844595909119,0.3889375925064087,0.4373802244663238,0.4062584638595581,0.6710483431816101,0.618981122970581,0.3465877175331116,0.6226991415023804,0.8243600726127625,0.7358887195587158,0.1690328866243362,0.7215166091918945,0.7967759966850281,0.5130055546760559,0.2068188935518264,0.4785267114639282,0.6169915199279785,1.0,0.4053941667079925,1.0,0.6596293449401855,0.8550963997840881,0.328441858291626,0.8683930039405823,0.6807264089584351,0.8538599610328674,0.3687692582607269,0.8373014330863953
excited_40.jpg,excited,0.545647382736206,0.4403568506240845,0.5711595416069031,0.3837927579879761,0.5060911178588867,0.3907281160354614,0.6007646918296814,0.390884518623352,0.4383966028690338,0.4071645736694336,0.6724256873130798,0.6187617182731628,0.3465500771999359,0.6209477186203003,0.8265806436538696,0.7396149039268494,0.1701969653367996,0.7255983948707581,0.798012375831604,0.5014510750770569,0.2110762447118759,0.4743065237998962,0.6145462989807129,1.0,0.4012535214424133,1.0,0.6610413789749146,0.8490797281265259,0.3254097402095794,0.8647062182426453,0.6744917631149292,0.8515573740005493,0.3575720191001892,0.8408522605895996
excited_41.jpg,excited,0.5480768084526062,0.4394552707672119,0.5729439854621887,0.3821256756782532,0.508060872554779,0.3905608355998993,0.6021173000335693,0.3885674476623535,0.440188854932785,0.4082216024398803,0.6732534766197205,0.6188585162162781,0.3498038947582245,0.6220023036003113,0.8211726546287537,0.7425790429115295,0.1715665906667709,0.7193975448608398,0.7954922914505005,0.5089210271835327,0.20577073097229,0.4582816064357757,0.6186155676841736,1.0,0.4068654179573059,1.0,0.6614763140678406,0.8586956858634949,0.329770565032959,0.872658371925354,0.6871399879455566,0.8543535470962524,0.3695190548896789,0.8368550539016724
excited_42.jpg,excited,0.548673689365387,0.4408907890319824,0.5733724236488342,0.3837568461894989,0.5087406039237976,0.3915517330169678,0.6017376184463501,0.3897325098514557,0.4395845830440521,0.4076520502567291,0.6715123057365417,0.6161540150642395,0.3490032255649566,0.6214744448661804,0.8222948312759399,0.7366024851799011,0.1694237440824508,0.7188431620597839,0.8017519116401672,0.5143053531646729,0.2045913189649582,0.4520808756351471,0.6229063272476196,1.0,0.4116693437099457,1.0,0.6663667559623718,0.8585816025733948,0.33517986536026,0.875775933265686,0.6852163076400757,0.8544758558273315,0.372568279504776,0.8391973972320557
excited_43.jpg,excited,0.5481189489364624,0.4400689303874969,0.5714398622512817,0.3822187483310699,0.5079118609428406,0.3926207423210144,0.5993176102638245,0.386911928653717,0.4397637546062469,0.4110035300254822,0.6711371541023254,0.615136981010437,0.3501552641391754,0.6228355765342712,0.8264234662055969,0.7402970194816589,0.1662667840719223,0.7172960042953491,0.7934800982475281,0.5159675478935242,0.2018548250198364,0.453787088394165,0.6184418797492981,1.0,0.408959150314331,1.0,0.6630565524101257,0.8504934310913086,0.3419505357742309,0.8747141361236572,0.6869166493415833,0.8436266779899597,0.3838413059711456,0.8359476923942566
excited_44.jpg,excited,0.5477411150932312,0.440345287322998,0.5720704197883606,0.3825593888759613,0.5084004998207092,0.3919806480407715,0.6000135540962219,0.3865022957324981,0.4403479993343353,0.4080101549625397,0.6707678437232971,0.6083682775497437,0.3526546061038971,0.6200205087661743,0.8315801024436951,0.727928102016449,0.1629382669925689,0.7126688957214355,0.7910443544387817,0.4915454685688019,0.181410551071167,0.4309531450271606,0.6278581023216248,1.0,0.4191755354404449,1.0,0.670423150062561,0.8488322496414185,0.34663125872612,0.8806977868080139,0.6946300864219666,0.8392639756202698,0.3914233148097992,0.8442970514297485
excited_45.jpg,excited,0.545390248298645,0.4393588006496429,0.5699286460876465,0.3834596276283264,0.507003128528595,0.3907177746295929,0.5974034667015076,0.3893139660358429,0.4389680325984955,0.4063489139080047,0.6682205200195312,0.6102080941200256,0.3513124287128448,0.6196240782737732,0.8293890953063965,0.7306311726570129,0.1650656759738922,0.7189033031463623,0.7805782556533813,0.4862897992134094,0.1810017377138137,0.4398438930511474,0.6246582865715027,1.0,0.4174713790416717,1.0,0.6642488837242126,0.8506855368614197,0.3460295796394348,0.8792546391487122,0.6767622828483582,0.8374881148338318,0.3863062262535095,0.8422846794128418
excited_46.jpg,excited,0.545278012752533,0.4318907558917999,0.5684632062911987,0.3765594661235809,0.5061864256858826,0.3844675123691559,0.5950754284858704,0.3852383196353912,0.4383772015571594,0.4048826396465301,0.6676852703094482,0.6123009324073792,0.3522062301635742,0.6204516291618347,0.8263983726501465,0.7411540746688843,0.1613554954528808,0.7257338762283325,0.7775306105613708,0.499115914106369,0.1758462488651275,0.4573903083801269,0.6195528507232666,1.0,0.4134803414344787,1.0,0.658312976360321,0.8462473750114441,0.3408455848693847,0.8736423850059509,0.6608538031578064,0.8326854705810547,0.3641131520271301,0.8362585306167603
excited_47.jpg,excited,0.5501421689987183,0.4365270137786865,0.5737738609313965,0.3808369636535644,0.5108222365379333,0.3884846568107605,0.6001616716384888,0.3882712125778198,0.4404997825622558,0.4065944254398346,0.6710852980613708,0.6121228337287903,0.352251648902893,0.6203522682189941,0.8284956216812134,0.7426096200942993,0.1700223237276077,0.7268581986427307,0.7869874835014343,0.5111523866653442,0.1806780397891998,0.4601289331912994,0.6235455870628357,1.0,0.4150677621364593,1.0,0.6657478213310242,0.8521836400032043,0.3435394465923309,0.8751817941665649,0.6766216158866882,0.8441996574401855,0.3762679398059845,0.8410760164260864
excited_48.jpg,excited,0.5511056780815125,0.4371925294399261,0.5756614804267883,0.3821333646774292,0.5129122138023376,0.3879866302013397,0.6020711660385132,0.3906911611557007,0.44334277510643,0.4044911563396454,0.6688939929008484,0.6151560544967651,0.3530866801738739,0.6213934421539307,0.8178081512451172,0.7424635291099548,0.1711967438459396,0.7276714444160461,0.784702718257904,0.5188552141189575,0.1785340160131454,0.4619458019733429,0.6210247278213501,1.0,0.4131885468959808,1.0,0.6612823605537415,0.856829047203064,0.3264790773391723,0.8764656186103821,0.6758554577827454,0.8479004502296448,0.35294970870018,0.8418843150138855
excited_49.jpg,excited,0.5462019443511963,0.4394101798534393,0.5730718970298767,0.3858235478401184,0.5093656182289124,0.3891424238681793,0.6016982197761536,0.3961732387542724,0.4420250058174133,0.4035588800907135,0.6686212420463562,0.6174144148826599,0.3498401045799255,0.619618833065033,0.8256620764732361,0.7372286319732666,0.170222982764244,0.7217919826507568,0.7870861887931824,0.5155360698699951,0.1929244101047516,0.4630574882030487,0.6233581900596619,1.0,0.4127327501773834,1.0,0.6735472083091736,0.8537877798080444,0.3319303691387176,0.876975953578949,0.6870844960212708,0.8420827388763428,0.3668746948242187,0.8453204035758972
excited_50.jpg,excited,0.5374268293380737,0.4397132992744446,0.565822958946228,0.3870384097099304,0.5008617043495178,0.3907568156719208,0.5978363752365112,0.3993214070796966,0.4384247362613678,0.4079147279262543,0.6675841808319092,0.619286298751831,0.350023090839386,0.6210103631019592,0.8249993324279785,0.7354603409767151,0.1695085614919662,0.7154536247253418,0.7844313979148865,0.5093678832054138,0.1857666075229644,0.4568201303482055,0.6205093264579773,1.0,0.4107641279697418,1.0,0.6724212765693665,0.8598703742027283,0.334071934223175,0.8812035918235779,0.691149890422821,0.8479699492454529,0.376512736082077,0.8517268896102905
excited_51.jpg,excited,0.4716869294643402,0.4361359477043152,0.513204038143158,0.3861907720565796,0.4497601985931396,0.3843699991703033,0.5831446647644043,0.4053236842155456,0.42506805062294,0.3975671827793121,0.6732198596000671,0.6251064538955688,0.3499352633953094,0.6170809864997864,0.8301305770874023,0.7390546798706055,0.1751706451177597,0.7085874080657959,0.7861567139625549,0.5156568884849548,0.1904485672712326,0.4571406841278076,0.6231539845466614,1.0,0.4094935357570648,1.0,0.6449165344238281,0.8555783033370972,0.2920399606227875,0.860162079334259,0.6886147856712341,0.8385442495346069,0.3826783001422882,0.8413641452789307
excited_52.jpg,excited,0.4336747229099273,0.4281346201896667,0.4780676364898681,0.384593665599823,0.4261984527111053,0.3795328140258789,0.5709154009819031,0.4151908457279205,0.4251076281070709,0.3963350057601928,0.6748730540275574,0.6286997199058533,0.3539949357509613,0.6128630638122559,0.8334453701972961,0.7432907223701477,0.1772208213806152,0.7020229697227478,0.7857691645622253,0.5187634825706482,0.1986562460660934,0.4455685317516327,0.625165581703186,1.0,0.411210834980011,1.0,0.6200254559516907,0.8475309610366821,0.2625712752342224,0.8490048050880432,0.6673595309257507,0.8265187740325928,0.3701548278331756,0.8346690535545349
excited_53.jpg,excited,0.5108243823051453,0.440261572599411,0.5458946228027344,0.3928524255752563,0.4816817343235016,0.3902907967567444,0.5862302780151367,0.4055735468864441,0.435077041387558,0.3985428512096405,0.6538637280464172,0.6195708513259888,0.3494130671024322,0.6015253663063049,0.830410897731781,0.7423982620239258,0.1703253239393234,0.6838783621788025,0.7955295443534851,0.4755246937274933,0.1662963926792144,0.4298225045204162,0.6032506823539734,1.0,0.4071159362792969,1.0,0.6779353022575378,0.846466064453125,0.3849601149559021,0.8729652166366577,0.726859986782074,0.8256088495254517,0.4818744659423828,0.8597756028175354
excited_54.jpg,excited,0.5379661917686462,0.4511784017086029,0.5667526125907898,0.3968162834644317,0.5022456049919128,0.39947310090065,0.5982798933982849,0.4022592306137085,0.4392352998256683,0.4073585271835327,0.6650909781455994,0.6166892051696777,0.3500287234783172,0.6197202801704407,0.8228814005851746,0.7287642955780029,0.1687635034322738,0.7150286436080933,0.7933791279792786,0.5154898762702942,0.1867601126432418,0.454525738954544,0.6308528184890747,1.0,0.4231119155883789,1.0,0.6820506453514099,0.8664947748184204,0.3481283783912658,0.8886323571205139,0.7065886855125427,0.8545020818710327,0.4013794064521789,0.8558456301689148
excited_55.jpg,excited,0.5419577956199646,0.4506257474422455,0.5702266693115234,0.3967755138874054,0.5058580636978149,0.3996502161026001,0.6010021567344666,0.4040156006813049,0.4414364993572235,0.4097572863101959,0.6650729179382324,0.6180991530418396,0.3503935933113098,0.6199324131011963,0.816807210445404,0.7318430542945862,0.167776346206665,0.7178963422775269,0.7860371470451355,0.5125295519828796,0.1900360584259033,0.4592445790767669,0.624746561050415,1.0,0.4158943593502044,1.0,0.6779174208641052,0.8657830357551575,0.3370304107666015,0.8882027268409729,0.7004448771476746,0.8524518609046936,0.3806699812412262,0.8539023399353027
excited_56.jpg,excited,0.544343888759613,0.4527460634708404,0.572493851184845,0.3982244729995727,0.5078402161598206,0.4007221460342407,0.6028091311454773,0.4043530225753784,0.4412590563297272,0.4094308316707611,0.6663379669189453,0.6189306378364563,0.3502983152866363,0.6201714873313904,0.8207616209983826,0.7289332747459412,0.1688888818025589,0.7154299020767212,0.7848194241523743,0.5096971392631531,0.1923073530197143,0.4591951668262481,0.6247485876083374,1.0,0.4146980941295624,1.0,0.677827000617981,0.8714584112167358,0.3345541059970855,0.8935551047325134,0.695868194103241,0.8551537394523621,0.3734673857688904,0.85617595911026
excited_57.jpg,excited,0.5335001349449158,0.4510548710823059,0.5632488131523132,0.3973951041698456,0.4982450902462005,0.4003424048423767,0.5974847674369812,0.4040861427783966,0.4389241635799408,0.4099842011928558,0.6642475128173828,0.6180430054664612,0.3514351844787597,0.6192072629928589,0.8205569386482239,0.7279291749000549,0.169937714934349,0.7110266089439392,0.7882088422775269,0.5125690698623657,0.1915405839681625,0.4594118297100067,0.622779905796051,1.0,0.4155910611152649,1.0,0.6763240098953247,0.8664326071739197,0.3398423790931701,0.8885744214057922,0.7033584713935852,0.8504262566566467,0.3915655314922333,0.8542600274085999
excited_58.jpg,excited,0.5303793549537659,0.4494729936122894,0.5609434247016907,0.3966309726238251,0.4965521991252899,0.3985559642314911,0.5955791473388672,0.40421062707901,0.4396989345550537,0.4075407981872558,0.6666826009750366,0.6189075708389282,0.3516684472560882,0.6178751587867737,0.8288995623588562,0.7307294011116028,0.1736973077058792,0.7078889608383179,0.7898904085159302,0.5050365328788757,0.192451074719429,0.4500822126865387,0.6259428858757019,1.0,0.4177963733673095,1.0,0.6774764657020569,0.857859194278717,0.3384244441986084,0.8783321976661682,0.710580050945282,0.8432716727256775,0.399057000875473,0.8490359783172607
excited_59.jpg,excited,0.5332879424095154,0.4456712603569031,0.5631519556045532,0.3934999108314514,0.4990921020507812,0.3955296277999878,0.5961589813232422,0.4031810164451599,0.4400045871734619,0.4067717790603637,0.6648759841918945,0.6184121370315552,0.350640594959259,0.6175395846366882,0.8245453238487244,0.7303891777992249,0.1722128838300705,0.7070205807685852,0.7879897952079773,0.5091056227684021,0.1870608776807785,0.4509878754615783,0.6244006156921387,1.0,0.4166057705879211,1.0,0.6772266626358032,0.8621600270271301,0.3388596177101135,0.8822769522666931,0.7122754454612732,0.8461599349975586,0.3994472622871399,0.8496248722076416
excited_60.jpg,excited,0.5387988090515137,0.4291118085384369,0.5688067078590393,0.3779068887233734,0.5051349997520447,0.3791472613811493,0.6005939245223999,0.391436755657196,0.4463001787662506,0.3929150998592376,0.6698645353317261,0.6182361245155334,0.3522253930568695,0.6078249216079712,0.8163419961929321,0.7418755888938904,0.1771590560674667,0.6958363056182861,0.7898921370506287,0.5181190967559814,0.1855010539293289,0.4460631310939789,0.6226996779441833,1.0,0.4136082828044891,1.0,0.6671869158744812,0.8612669706344604,0.3230920732021332,0.8672441244125366,0.7184060215950012,0.8516227006912231,0.3907490968704223,0.8396409749984741
excited_61.jpg,excited,0.540177047252655,0.4280757308006286,0.5708602666854858,0.3784436285495758,0.5068567991256714,0.3792197108268738,0.6022560000419617,0.3903798758983612,0.447590172290802,0.3906951248645782,0.6605138778686523,0.6159132719039917,0.35243821144104,0.5908774733543396,0.8141124844551086,0.7604637742042542,0.1739113330841064,0.6751204133033752,0.7911760807037354,0.4999967515468597,0.1836169213056564,0.4264302551746368,0.5997123122215271,1.0,0.4010110795497894,1.0,0.6693867444992065,0.8602494597434998,0.3798148036003113,0.8801388740539551,0.731173574924469,0.8482311964035034,0.475487619638443,0.8630098104476929
excited_62.jpg,excited,0.540669858455658,0.4326639473438263,0.5714637041091919,0.3835174739360809,0.5067613124847412,0.3833645284175873,0.6015742421150208,0.3964608013629913,0.4432787895202636,0.3946199119091034,0.6536484360694885,0.6179074048995972,0.349466472864151,0.5935355424880981,0.8153169751167297,0.7646439671516418,0.1722956150770187,0.6816679239273071,0.7910553812980652,0.5009132623672485,0.1810771524906158,0.4254110157489776,0.594861626625061,1.0,0.3985700309276581,1.0,0.6711218953132629,0.8655619621276855,0.3927192687988281,0.8963300585746765,0.7230441570281982,0.8463936448097229,0.4857648015022278,0.8762812614440918
excited_63.jpg,excited,0.5407205820083618,0.4404994547367096,0.5719442963600159,0.3900074958801269,0.5074402093887329,0.3874736726284027,0.6009852290153503,0.4034424722194671,0.4422636926174164,0.3958079218864441,0.6575421094894409,0.6270344257354736,0.3424129486083984,0.6110221743583679,0.8151735663414001,0.7558042407035828,0.1565155535936355,0.7002816796302795,0.7845174074172974,0.5233865976333618,0.1542826741933822,0.4342605173587799,0.6104328036308289,1.0,0.4053915441036224,1.0,0.6734066009521484,0.8735398650169373,0.3559376299381256,0.8947791457176208,0.7096049189567566,0.8568915724754333,0.4308784604072571,0.8701369166374207
excited_64.jpg,excited,0.5368939638137817,0.4426111280918121,0.5665950775146484,0.3907172381877899,0.5020262598991394,0.391904354095459,0.5968158841133118,0.4019486308097839,0.4380173683166504,0.40346759557724,0.6592979431152344,0.6270624399185181,0.3392168283462524,0.6118143200874329,0.812224805355072,0.7611072063446045,0.1483068019151687,0.6980715990066528,0.7803959250450134,0.5260926485061646,0.1506584882736206,0.4416353106498718,0.6053335070610046,1.0,0.3961422443389892,1.0,0.6682804226875305,0.8754025101661682,0.3415951430797577,0.89301598072052,0.7126476168632507,0.8652516007423401,0.412471741437912,0.8700339198112488
excited_65.jpg,excited,0.535624623298645,0.4542715847492218,0.5647686719894409,0.4036564528942108,0.5003606677055359,0.406751275062561,0.5975146293640137,0.4169581830501556,0.4414707720279693,0.4224085807800293,0.6583734750747681,0.6402788758277893,0.3496946692466736,0.6216627359390259,0.8030549883842468,0.7808420658111572,0.1609026193618774,0.7091528177261353,0.7951564192771912,0.5581657290458679,0.1929849237203598,0.4616389870643616,0.6026052832603455,1.0,0.4006483256816864,1.0,0.6562514305114746,0.8718608021736145,0.3422805964946747,0.8961759209632874,0.6931813359260559,0.8524850606918335,0.397519588470459,0.8648120164871216
excited_66.jpg,excited,0.5403217077255249,0.4425069093704223,0.5705172419548035,0.3892019391059875,0.5037204623222351,0.3931894600391388,0.6050431132316589,0.4034554362297058,0.4443508684635162,0.4114102125167846,0.6826722025871277,0.6390629410743713,0.3429288566112518,0.6302638649940491,0.8406311273574829,0.7656657099723816,0.153103306889534,0.728487491607666,0.8129045367240906,0.4983052313327789,0.1967448741197586,0.4543121755123138,0.6204758882522583,1.0,0.4025359153747558,1.0,0.6603826284408569,0.8633955717086792,0.331132709980011,0.8756000995635986,0.691643476486206,0.8463272452354431,0.4028941094875335,0.840941846370697
excited_67.jpg,excited,0.539604127407074,0.4509743154048919,0.5703796744346619,0.396225094795227,0.503704845905304,0.4000225663185119,0.6046448349952698,0.4075013995170593,0.4436571300029754,0.4135599732398987,0.6825559735298157,0.6406300067901611,0.3386593759059906,0.631968080997467,0.8561815619468689,0.7441332936286926,0.1501076966524124,0.7150903344154358,0.7891849279403687,0.4498314261436462,0.2497045248746872,0.4381648600101471,0.6302428841590881,1.0,0.4110934734344482,1.0,0.6729980111122131,0.839858889579773,0.3593500554561615,0.876556932926178,0.7016430497169495,0.8236173987388611,0.4530380666255951,0.8515592217445374
excited_68.jpg,excited,0.5295184254646301,0.440604031085968,0.5579849481582642,0.3894715309143066,0.4939262866973877,0.394837737083435,0.5900692343711853,0.4065453708171844,0.4366644322872162,0.4176764786243438,0.6673269271850586,0.632491409778595,0.3427148163318634,0.6285678148269653,0.8331047296524048,0.7352768778800964,0.1519732475280761,0.6854207515716553,0.7984663844108582,0.4874182641506195,0.1865469068288803,0.3962549269199371,0.6263384222984314,1.0,0.4155980050563812,1.0,0.6815711855888367,0.846921980381012,0.3552788197994232,0.8760099411010742,0.7272157073020935,0.8403483629226685,0.4347832798957824,0.853299617767334
excited_69.jpg,excited,0.5267534852027893,0.443030834197998,0.5546056628227234,0.3892606198787689,0.489150732755661,0.3972552716732025,0.5878866314888,0.402770847082138,0.4308874309062958,0.4198203980922699,0.6644881963729858,0.6327816843986511,0.336922824382782,0.6318062543869019,0.8227217793464661,0.7478853464126587,0.1457365006208419,0.7029495239257812,0.7930414080619812,0.5042080879211426,0.2011852264404297,0.4181510508060455,0.6217430233955383,1.0,0.4104706943035126,1.0,0.6743722558021545,0.8501945734024048,0.358500212430954,0.88160640001297,0.7185953259468079,0.8464250564575195,0.4405228793621063,0.8565981984138489
excited_70.jpg,excited,0.5233542323112488,0.443181574344635,0.553459644317627,0.3927933871746063,0.487425148487091,0.3970119059085846,0.5885642170906067,0.4118883013725281,0.4308240413665771,0.4205368757247925,0.6650102734565735,0.6365406513214111,0.3374493718147278,0.6331595182418823,0.8345144391059875,0.7417752742767334,0.1481159776449203,0.7106982469558716,0.8047559857368469,0.4877352118492126,0.1917971223592758,0.4435652792453766,0.6241249442100525,1.0,0.4118488729000091,1.0,0.684886634349823,0.8472140431404114,0.3586587011814117,0.878872811794281,0.7235028147697449,0.8374195694923401,0.4361079633235931,0.8574934601783752
excited_71.jpg,excited,0.5204132795333862,0.4479871988296509,0.5507319569587708,0.3958790004253387,0.4848615229129791,0.4033176898956299,0.5885257720947266,0.4067505002021789,0.432835191488266,0.4232751131057739,0.6625107526779175,0.6322522759437561,0.3480827212333679,0.6200168132781982,0.8337130546569824,0.7645443081855774,0.1696113646030426,0.689924955368042,0.8112981915473938,0.4812624156475067,0.1747294664382934,0.421884685754776,0.5972434282302856,1.0,0.3957033157348633,1.0,0.6719898581504822,0.8533284664154053,0.3817239701747894,0.8789634704589844,0.7421144247055054,0.8405696749687195,0.4803008139133453,0.861262321472168
excited_72.jpg,excited,0.5269920229911804,0.4477861225605011,0.5568158030509949,0.3974243700504303,0.4912041127681732,0.4015100598335266,0.5916954278945923,0.4146899580955505,0.434823602437973,0.422794371843338,0.662053108215332,0.6384871006011963,0.3416119217872619,0.63334059715271,0.8136124014854431,0.7604315876960754,0.1579221785068512,0.7200401425361633,0.791784405708313,0.537224531173706,0.2070451974868774,0.4506239295005798,0.6153030395507812,1.0,0.4062007367610931,1.0,0.6737963557243347,0.8635361790657043,0.349361389875412,0.8885307908058167,0.7057977914810181,0.859499454498291,0.4183863699436188,0.8668079972267151
excited_73.jpg,excited,0.528731644153595,0.4539793133735657,0.5571974515914917,0.4025665521621704,0.4923266470432281,0.4071385860443115,0.5898303389549255,0.4166956841945648,0.4327931106090545,0.4261553585529327,0.659758448600769,0.6412112712860107,0.3404519259929657,0.6355841755867004,0.8123247027397156,0.7720944881439209,0.1603673547506332,0.7300387024879456,0.7787407040596008,0.5345911383628845,0.2120766192674636,0.4635962843894958,0.6164906620979309,1.0,0.4101212918758392,1.0,0.6749522089958191,0.859471321105957,0.3684424459934234,0.8875226378440857,0.7043830752372742,0.8522488474845886,0.4414404034614563,0.8643887042999268
excited_74.jpg,excited,0.5277482867240906,0.4536286294460296,0.5542764067649841,0.4008901417255401,0.4897329807281494,0.4089665412902832,0.5871335864067078,0.412604808807373,0.4312407672405243,0.4308732151985168,0.6604465842247009,0.6371647119522095,0.3439540565013885,0.6348487138748169,0.8120878338813782,0.7694616317749023,0.1565884798765182,0.7269308567047119,0.7797491550445557,0.5301330089569092,0.2066257447004318,0.4679109156131744,0.6170759201049805,1.0,0.4135908782482147,1.0,0.6695296168327332,0.8639363646507263,0.3775607943534851,0.8932775855064392,0.6989890933036804,0.8554414510726929,0.4472785890102386,0.8642521500587463
excited_75.jpg,excited,0.5339530110359192,0.457825094461441,0.5593493580818176,0.4047671258449554,0.4960512220859527,0.4127530753612518,0.5899444818496704,0.4136854410171509,0.4348311126232147,0.4318216741085052,0.6602434515953064,0.6318968534469604,0.3458047807216644,0.6329473853111267,0.8103601336479187,0.7670281529426575,0.1565281897783279,0.7356794476509094,0.7796103358268738,0.5280945897102356,0.1957764476537704,0.4747315347194671,0.6140524744987488,1.0,0.4106092453002929,1.0,0.6662653088569641,0.8724212050437927,0.3684164881706238,0.9003194570541382,0.6911924481391907,0.8596193194389343,0.4263159930706024,0.8644068837165833
excited_76.jpg,excited,0.5386359095573425,0.4610712826251983,0.5633427500724792,0.4065848290920257,0.5007458925247192,0.4151059687137604,0.5927821397781372,0.4123798012733459,0.437836229801178,0.4312584102153778,0.6594095230102539,0.630817174911499,0.3469981849193573,0.6344533562660217,0.8092455267906189,0.7623116970062256,0.1560600847005844,0.7388468980789185,0.7892134785652161,0.5367687940597534,0.1900588572025299,0.4860613048076629,0.6120675802230835,1.0,0.4096248149871826,1.0,0.6643033027648926,0.8740951418876648,0.362922191619873,0.9023658633232116,0.6947970986366272,0.8607056140899658,0.4183491766452789,0.8627614378929138
excited_77.jpg,excited,0.5358204245567322,0.4591512978076935,0.5629276633262634,0.4068737626075744,0.4988875985145569,0.4126676023006439,0.5946973562240601,0.4165898561477661,0.4379530549049377,0.429667592048645,0.6618596911430359,0.6339913010597229,0.3499418199062347,0.6345700621604919,0.8099483847618103,0.7702021598815918,0.1579122394323349,0.7389826774597168,0.7902881503105164,0.5591219663619995,0.1594165861606598,0.4923203289508819,0.6167431473731995,1.0,0.4146888256072998,1.0,0.6676172614097595,0.8815852999687195,0.3627528846263885,0.9014381766319276,0.6958487629890442,0.8669924736022949,0.4202926754951477,0.8648967146873474
excited_78.jpg,excited,0.5299238562583923,0.4584903717041015,0.5573131442070007,0.4068554043769836,0.4938634037971496,0.4131558537483215,0.5904104709625244,0.4171600043773651,0.4368140399456024,0.4313932061195373,0.6612402200698853,0.6354352235794067,0.3486569225788116,0.6370051503181458,0.8092374801635742,0.7706404328346252,0.1570629626512527,0.7396584153175354,0.782032310962677,0.5545164942741394,0.1635842323303222,0.4914575219154358,0.6164227724075317,1.0,0.4149090945720672,1.0,0.6674866080284119,0.8732749819755554,0.3667422235012054,0.8928502798080444,0.7004404067993164,0.8616406917572021,0.4348266124725342,0.860001802444458
excited_79.jpg,excited,0.5277058482170105,0.4559422433376312,0.5542797446250916,0.4033459424972534,0.4906141757965088,0.4112074971199035,0.5873388648033142,0.4123827219009399,0.4328232407569885,0.4302504658699035,0.657996654510498,0.6329015493392944,0.3462118208408355,0.6351500749588013,0.8066803216934204,0.7723891735076904,0.1539704650640487,0.7410767078399658,0.782323956489563,0.554966151714325,0.1708691567182541,0.4984045326709747,0.6135315299034119,1.0,0.4139641225337982,1.0,0.6607027649879456,0.8742124438285828,0.3733730018138885,0.8979527354240417,0.6936386227607727,0.8582763075828552,0.4435935914516449,0.8592479228973389
excited_80.jpg,excited,0.5262969732284546,0.457146406173706,0.5540267825126648,0.4052669107913971,0.4900733530521393,0.4116216897964477,0.5877832174301147,0.4155148267745971,0.4331059157848358,0.4296502768993377,0.6568053960800171,0.6368062496185303,0.3451996147632599,0.6369021534919739,0.8036842346191406,0.7801905274391174,0.1542893499135971,0.7487776875495911,0.7775553464889526,0.5554072856903076,0.1693519800901413,0.5081837773323059,0.6141077876091003,1.0,0.4150233268737793,1.0,0.6644249558448792,0.8660176992416382,0.3772000968456268,0.8911556601524353,0.6994854807853699,0.8533084392547607,0.4522448182106018,0.8607960343360901
excited_81.jpg,excited,0.5320477485656738,0.4620772302150726,0.5595240592956543,0.4106156826019287,0.4957338273525238,0.4158779978752136,0.5915840268135071,0.4212782382965088,0.4358337521553039,0.4329533278942108,0.6592998504638672,0.6380828619003296,0.3465889394283294,0.6400830745697021,0.8090164065361023,0.7799717783927917,0.1548939794301986,0.755564272403717,0.7843820452690125,0.5611544847488403,0.163729578256607,0.5104323625564575,0.619323194026947,1.0,0.4188849031925201,1.0,0.6716830134391785,0.8651326894760132,0.3780272006988525,0.8905163407325745,0.6991261839866638,0.8490042686462402,0.4457458555698395,0.8559186458587646
excited_82.jpg,excited,0.5366062521934509,0.464392751455307,0.5648121237754822,0.4135601818561554,0.500471830368042,0.4171506762504577,0.5964886546134949,0.4247491061687469,0.4387814700603485,0.4318534433841705,0.6586997509002686,0.6376175284385681,0.3481197357177734,0.6393013596534729,0.8055620193481445,0.7770163416862488,0.1582993566989898,0.7582986354827881,0.7887668013572693,0.5742732882499695,0.1736750900745391,0.5146040320396423,0.6232824325561523,1.0,0.4244095981121063,1.0,0.6750017404556274,0.8665685653686523,0.3866461515426636,0.8944832682609558,0.6936432719230652,0.8530734777450562,0.4547072350978851,0.8626790046691895
excited_83.jpg,excited,0.5384625792503357,0.4664075970649719,0.5670356750488281,0.4159693717956543,0.5034002661705017,0.4180276691913605,0.598396897315979,0.4262769818305969,0.4424602687358856,0.4298830926418304,0.6613802313804626,0.6376798748970032,0.3518720269203186,0.6388221979141235,0.8103677034378052,0.7780768275260925,0.1638002842664718,0.7619922161102295,0.7916954159736633,0.5724127888679504,0.1736662685871124,0.5128478407859802,0.626720666885376,1.0,0.4284453094005584,1.0,0.6750981211662292,0.8663386106491089,0.3847925364971161,0.8919684290885925,0.6875597834587097,0.8532121181488037,0.4483736455440521,0.8623509407043457
excited_84.jpg,excited,0.5440868735313416,0.4679720103740692,0.5723112225532532,0.4159664511680603,0.5083366632461548,0.4187266826629638,0.6032925844192505,0.4245445430278778,0.4458190500736236,0.4295723140239715,0.6656755805015564,0.638526201248169,0.3534014821052551,0.6391493678092957,0.8132156729698181,0.7786552906036377,0.164014920592308,0.7590299844741821,0.7932819128036499,0.5769534707069397,0.1841630935668945,0.507970929145813,0.6279587149620056,1.0,0.4270811080932617,1.0,0.6774730086326599,0.8612397313117981,0.3790882527828216,0.8892563581466675,0.6888520121574402,0.8518363237380981,0.43672776222229,0.8624452352523804
excited_85.jpg,excited,0.545005738735199,0.4670386910438537,0.5730123519897461,0.4149135947227478,0.5084891319274902,0.4178547263145447,0.6037866473197937,0.4239964187145233,0.4443707168102264,0.4298776090145111,0.6678256988525391,0.638856053352356,0.3530984818935394,0.6391544938087463,0.8180339932441711,0.7811376452445984,0.1634955406188964,0.7602839469909668,0.7901071906089783,0.5715402364730835,0.1852196007966995,0.5085351467132568,0.6294650435447693,1.0,0.4274321496486664,1.0,0.6751895546913147,0.8638794422149658,0.3810834586620331,0.8922672271728516,0.679966151714325,0.8530673980712891,0.4370658099651336,0.8643336296081543
excited_86.jpg,excited,0.5479329228401184,0.4661622047424316,0.5749847292900085,0.4145495593547821,0.5117692351341248,0.4170231521129608,0.6033574938774109,0.4237718284130096,0.4455250203609466,0.4282804131507873,0.6642353534698486,0.6377602219581604,0.352086454629898,0.6378806829452515,0.8155830502510071,0.778963029384613,0.1631032079458236,0.7591494917869568,0.7912161946296692,0.572989821434021,0.1859056502580642,0.5068535208702087,0.6281578540802002,1.0,0.4279879629611969,1.0,0.6769323348999023,0.8616651296615601,0.3867568671703338,0.8925991058349609,0.6816278100013733,0.8513975739479065,0.4432578980922699,0.8645538091659546
excited_87.jpg,excited,0.5480554699897766,0.4666535854339599,0.5754880905151367,0.4139368236064911,0.511448323726654,0.4171690642833709,0.6047205328941345,0.4219549894332886,0.4451683461666107,0.4279634356498718,0.6657232642173767,0.6380352973937988,0.3507935702800751,0.6379052996635437,0.8156678080558777,0.779727041721344,0.1614683121442794,0.7573898434638977,0.7936199903488159,0.5721002221107483,0.1852853596210479,0.5057641863822937,0.6271578073501587,1.0,0.4254458844661712,1.0,0.6756138205528259,0.8625207543373108,0.3832678496837616,0.8926798701286316,0.6877596378326416,0.8529176712036133,0.4448259770870209,0.8645243644714355
excited_88.jpg,excited,0.5395235419273376,0.4638963341712951,0.5688354969024658,0.4129511415958404,0.5042888522148132,0.4149711430072784,0.6014384627342224,0.4243060946464538,0.4440368115901947,0.4276895225048065,0.6659809350967407,0.6410350203514099,0.3507867455482483,0.6390865445137024,0.8143068552017212,0.7769936919212341,0.1609387397766113,0.755079448223114,0.7937924861907959,0.5700824856758118,0.1825642883777618,0.5085282325744629,0.6263136863708496,1.0,0.4245357513427734,1.0,0.673450231552124,0.8711506128311157,0.3767557144165039,0.8953786492347717,0.6880685687065125,0.8590532541275024,0.44162717461586,0.8669387102127075
excited_89.jpg,excited,0.537001371383667,0.4626113474369049,0.5665136575698853,0.4125428199768066,0.5020326972007751,0.4141285121440887,0.5991515517234802,0.4258688688278198,0.442301332950592,0.4282259941101074,0.6630702018737793,0.6413663625717163,0.3503219187259674,0.6395033597946167,0.8104413151741028,0.7756709456443787,0.1632323265075683,0.7534060478210449,0.7899482846260071,0.5714685916900635,0.186796098947525,0.5047391653060913,0.6268443465232849,1.0,0.4258313179016113,1.0,0.6763433814048767,0.8619561791419983,0.3770327270030975,0.8880470395088196,0.6907536387443542,0.85313880443573,0.4411984086036682,0.8640908598899841
excited_90.jpg,excited,0.5380975604057312,0.466425210237503,0.5672197341918945,0.4160690009593963,0.5034014582633972,0.4173033535480499,0.5987724661827087,0.4271999299526214,0.4426967799663543,0.428455501794815,0.6591320037841797,0.6402586102485657,0.3506491780281067,0.6391919851303101,0.8053111433982849,0.7762995958328247,0.1627431213855743,0.7570121884346008,0.7892813682556152,0.5739954710006714,0.1852634400129318,0.5044160485267639,0.6263684630393982,1.0,0.4285255372524261,1.0,0.6760315299034119,0.8647857904434204,0.3842823207378387,0.8938339948654175,0.6884381175041199,0.8518849611282349,0.4478648602962494,0.8657926917076111
excited_91.jpg,excited,0.5383897423744202,0.4644918739795685,0.5673011541366577,0.4143790602684021,0.5034574866294861,0.4160066545009613,0.5990694761276245,0.4265258312225342,0.4432353079319,0.4289987087249756,0.6610308885574341,0.6393429040908813,0.351671040058136,0.6386842131614685,0.8077465891838074,0.772965133190155,0.1622718572616577,0.7539067268371582,0.7886534929275513,0.572390079498291,0.1870146244764328,0.5029091238975525,0.6267358660697937,1.0,0.4272842109203338,1.0,0.6772962808609009,0.8740243911743164,0.3799624145030975,0.9019711017608644,0.6885664463043213,0.8598722815513611,0.4391763806343078,0.8710122108459473
excited_92.jpg,excited,0.5409107208251953,0.4668821394443512,0.570482075214386,0.4160688519477844,0.5055586695671082,0.4175534844398498,0.6027017831802368,0.4276390373706817,0.4438638687133789,0.429502934217453,0.6645439267158508,0.6406745314598083,0.3507539927959442,0.6382833123207092,0.8125293850898743,0.776555597782135,0.1612180769443512,0.7540048360824585,0.7918681502342224,0.570203959941864,0.1875638961791992,0.5024558901786804,0.6272538304328918,1.0,0.4246445596218109,1.0,0.6776924133300781,0.8675913214683533,0.3743022382259369,0.8963179588317871,0.6898583769798279,0.8551596999168396,0.4342274665832519,0.8690366744995117
excited_93.jpg,excited,0.5412732362747192,0.4663981795310974,0.57028728723526,0.4158997237682342,0.5061349272727966,0.4177277982234955,0.6018772721290588,0.4272452592849731,0.4447289109230041,0.4299398958683014,0.6636896133422852,0.6394437551498413,0.3520160019397735,0.6373998522758484,0.8111967444419861,0.7752606272697449,0.1612875461578369,0.7524375319480896,0.7916709184646606,0.5714580416679382,0.1830049008131027,0.5054223537445068,0.6270158886909485,1.0,0.4261427819728851,1.0,0.6757326126098633,0.8679537773132324,0.3765234053134918,0.8959264159202576,0.6904443502426147,0.8548340201377869,0.4381031095981598,0.866916298866272
excited_94.jpg,excited,0.5404064059257507,0.4664339423179626,0.569185197353363,0.4146598279476166,0.5046329498291016,0.41785329580307,0.6014881134033203,0.4243882596492767,0.4435871541500091,0.4302509427070617,0.6644048094749451,0.6390474438667297,0.3516629636287689,0.637868344783783,0.8092304468154907,0.7761645913124084,0.1608259677886963,0.7513447403907776,0.7907363772392273,0.5730051398277283,0.1837730854749679,0.5050574541091919,0.6264546513557434,1.0,0.4247008264064789,1.0,0.6743358969688416,0.8763355612754822,0.3730698525905609,0.9029324650764464,0.6953110694885254,0.8621299266815186,0.4356190860271454,0.8705741167068481
excited_95.jpg,excited,0.5407742857933044,0.4667722284793854,0.5693255066871643,0.4149028956890106,0.5048797726631165,0.417977511882782,0.600890576839447,0.4246788620948791,0.4426876604557037,0.4303239285945892,0.6627433896064758,0.6405928134918213,0.3495287001132965,0.6390045285224915,0.8069265484809875,0.7783635258674622,0.1584503203630447,0.7515648007392883,0.7869367003440857,0.5743409395217896,0.1806158572435379,0.5019342303276062,0.6230730414390564,1.0,0.4217658936977386,1.0,0.671491801738739,0.8672552108764648,0.3730657696723938,0.8939395546913147,0.6905825138092041,0.8528862595558167,0.4362253248691559,0.8615700006484985
excited_96.jpg,excited,0.5401762127876282,0.4670897424221039,0.5690205693244934,0.41531902551651,0.503993809223175,0.4178228676319122,0.6010185480117798,0.4258782863616943,0.4413084089756012,0.4305111169815063,0.6649910807609558,0.6417065858840942,0.3505198657512665,0.6399616599082947,0.814635694026947,0.7770195603370667,0.1612851172685623,0.7519938945770264,0.7922488451004028,0.5717566609382629,0.1859226673841476,0.5037781596183777,0.628364622592926,1.0,0.4258870184421539,1.0,0.6747413873672485,0.8703000545501709,0.3743673861026764,0.8978118300437927,0.6869301795959473,0.855730414390564,0.4327466189861297,0.8664533495903015
excited_97.jpg,excited,0.542385995388031,0.466181993484497,0.5709211230278015,0.4143122434616089,0.5056938529014587,0.4174020290374756,0.6024526357650757,0.4252223968505859,0.4419314563274383,0.4312570691108703,0.6667460799217224,0.6407638192176819,0.3509569764137268,0.6394126415252686,0.815800130367279,0.7784860730171204,0.1635624468326568,0.7528937458992004,0.7914828658103943,0.5685830116271973,0.1877961903810501,0.5028063058853149,0.6280259490013123,1.0,0.424427330493927,1.0,0.6742008924484253,0.8690515160560608,0.3728626370429992,0.8957363367080688,0.6875341534614563,0.8577970266342163,0.4318303763866424,0.8668017387390137
excited_98.jpg,excited,0.5418269038200378,0.4677390158176422,0.5710808038711548,0.4160095453262329,0.505687415599823,0.4181743860244751,0.6033415198326111,0.4267525672912597,0.4430137574672699,0.430582195520401,0.6674663424491882,0.641488790512085,0.3514802157878876,0.6397044062614441,0.818088173866272,0.7774778604507446,0.1619440615177154,0.7537432312965393,0.7926592826843262,0.5685338973999023,0.1883171051740646,0.5017789602279663,0.6292943954467773,1.0,0.4251666665077209,1.0,0.6769358515739441,0.8744213581085205,0.3724863827228546,0.902524471282959,0.6864194869995117,0.8634896278381348,0.4289945662021637,0.8756396174430847
excited_99.jpg,excited,0.5420387983322144,0.4688599109649658,0.5710943341255188,0.4162908792495727,0.5053228735923767,0.4194560945034027,0.6034919619560242,0.4262748956680298,0.4419775903224945,0.4324222207069397,0.6686199307441711,0.6420847773551941,0.3501570224761963,0.6417200565338135,0.818328320980072,0.778666615486145,0.1614636182785034,0.75498366355896,0.7908849716186523,0.5659080147743225,0.1860618591308593,0.5018124580383301,0.6290666460990906,1.0,0.4236975610256195,1.0,0.6768154501914978,0.8711155652999878,0.371000736951828,0.8985735774040222,0.6913740038871765,0.8578866720199585,0.4305478036403656,0.8685586452484131
excited_100.jpg,excited,0.5421321988105774,0.4697061479091644,0.5717663764953613,0.4184164702892303,0.5062938928604126,0.4199187755584717,0.6038603186607361,0.4294798076152801,0.4430477619171142,0.431540310382843,0.666870653629303,0.6421501040458679,0.3511345088481903,0.6398556232452393,0.818326473236084,0.7754778265953064,0.1632434427738189,0.7521303296089172,0.7924210429191589,0.565908670425415,0.1873489618301391,0.5021836757659912,0.631365180015564,1.0,0.4277732074260711,1.0,0.6804487109184265,0.86611407995224,0.3779979646205902,0.8949454426765442,0.6918584704399109,0.8548488020896912,0.4399497509002685,0.8694090247154236
excited_101.jpg,excited,0.5412279963493347,0.4677367210388183,0.5708889365196228,0.4167057573795318,0.5050162672996521,0.4190094172954559,0.6038850545883179,0.4289152920246124,0.4431066215038299,0.4330784976482391,0.6684200167655945,0.6422218680381775,0.3518329560756683,0.6401886940002441,0.817753255367279,0.7770235538482666,0.1630518436431884,0.7510924339294434,0.7910109162330627,0.5675320625305176,0.1881741732358932,0.5006763339042664,0.6311142444610596,1.0,0.4272108078002929,1.0,0.6811610460281372,0.8683655261993408,0.3812580108642578,0.8957853317260742,0.6938074231147766,0.8600702881813049,0.4460472762584686,0.8717023730278015
excited_102.jpg,excited,0.5427557229995728,0.4678866863250732,0.5719003677368164,0.4162355959415436,0.5062884092330933,0.4191488623619079,0.6042561531066895,0.4275768399238586,0.4437977373600006,0.4329258799552917,0.6676030158996582,0.6416261196136475,0.3522146940231323,0.6403371691703796,0.814782440662384,0.7770102024078369,0.1629801243543625,0.7518473267555237,0.7912340760231018,0.5683329105377197,0.1912941187620163,0.5002039670944214,0.6299613118171692,1.0,0.4270022809505462,1.0,0.6780356764793396,0.8585399389266968,0.3792853355407715,0.8881182670593262,0.6902024149894714,0.8523342609405518,0.4414271414279938,0.8658580183982849
excited_103.jpg,excited,0.5437613129615784,0.4673490226268768,0.5726706385612488,0.4163692593574524,0.5074815154075623,0.4187152087688446,0.6041674017906189,0.4286010265350342,0.4441273808479309,0.4327677190303802,0.6674384474754333,0.641848087310791,0.3520238101482391,0.6393811106681824,0.8173047304153442,0.776948094367981,0.1637526601552963,0.7499420642852783,0.7925395965576172,0.5667569637298584,0.1912222951650619,0.4975088834762573,0.6302939653396606,1.0,0.4266332685947418,1.0,0.6819660067558289,0.8629809021949768,0.3800103366374969,0.8922423720359802,0.6937428712844849,0.8564210534095764,0.440682977437973,0.8697814345359802
excited_104.jpg,excited,0.5460320711135864,0.4707866311073303,0.5742967128753662,0.4181621968746185,0.509495198726654,0.4212689399719238,0.6048665642738342,0.4267229735851288,0.4447003901004791,0.4324167370796203,0.6681283116340637,0.6410880088806152,0.3507747650146484,0.6397382616996765,0.8174682855606079,0.7778304815292358,0.1632227003574371,0.7519590854644775,0.7931622862815857,0.5666233897209167,0.1905337423086166,0.499369204044342,0.629950225353241,1.0,0.4257500767707824,1.0,0.6810464262962341,0.8625704646110535,0.3794169723987579,0.8907454013824463,0.6981133222579956,0.8547585010528564,0.4429554939270019,0.865038275718689
excited_105.jpg,excited,0.5435693860054016,0.4670988023281097,0.5726105570793152,0.4166896045207977,0.5074800848960876,0.4182803630828857,0.6039577722549438,0.4296352565288543,0.4439822733402252,0.4321815371513366,0.6668440103530884,0.6422752737998962,0.3509888648986816,0.6395795345306396,0.8166786432266235,0.776940107345581,0.1628421992063522,0.7519364953041077,0.7943293452262878,0.5710127949714661,0.1889589130878448,0.4999605715274811,0.6298508048057556,1.0,0.4263505935668945,1.0,0.6830006837844849,0.8661521673202515,0.3821220099925995,0.8934534192085266,0.6912305951118469,0.8578177690505981,0.4419505596160888,0.8686599731445312
excited_106.jpg,excited,0.5428045392036438,0.4664410650730133,0.5715176463127136,0.4157977104187011,0.5064296126365662,0.4183831214904785,0.6029259562492371,0.4284731149673462,0.4430471360683441,0.4331547021865845,0.6661087870597839,0.6406527161598206,0.349634975194931,0.6389614343643188,0.814997673034668,0.7774652242660522,0.1600005179643631,0.7523738145828247,0.7934108972549438,0.5704826712608337,0.1868960708379745,0.4999662339687347,0.6271308064460754,1.0,0.4232648909091949,1.0,0.6791885495185852,0.8622379899024963,0.3784177899360657,0.8904958367347717,0.6902385354042053,0.8523584008216858,0.4394713044166565,0.8633723258972168
excited_107.jpg,excited,0.5435072183609009,0.4673191905021667,0.5722452998161316,0.4161730110645294,0.5068923830986023,0.4190698266029358,0.6039144992828369,0.4284248054027557,0.4431780278682709,0.4338490068912506,0.667164146900177,0.6416325569152832,0.3504272699356079,0.6393349766731262,0.8150854110717773,0.775516152381897,0.1623538583517074,0.7482104301452637,0.7927862405776978,0.5710768699645996,0.1883216202259063,0.5010044574737549,0.6269029378890991,1.0,0.4219985902309418,1.0,0.6790169477462769,0.869864821434021,0.372458279132843,0.8962303996086121,0.6943713426589966,0.8598037958145142,0.4320247173309326,0.8681327104568481
excited_108.jpg,excited,0.5443667769432068,0.4683627784252167,0.5732348561286926,0.4173051714897156,0.5078585147857666,0.4199146926403045,0.604985237121582,0.4289309978485107,0.4445141851902008,0.4337372183799743,0.6683313250541687,0.6411976218223572,0.352577656507492,0.6396481990814209,0.8174748420715332,0.7764865159988403,0.1632007658481598,0.7519092559814453,0.7938830852508545,0.5681816339492798,0.1890596151351928,0.4996529519557953,0.6309619545936584,1.0,0.4278687536716461,1.0,0.6800574064254761,0.8735060691833496,0.3842205107212066,0.9008702039718628,0.6906144022941589,0.8623666167259216,0.447509616613388,0.8718132376670837
excited_109.jpg,excited,0.5456209182739258,0.4702295958995819,0.5746321678161621,0.4195915460586548,0.5096445083618164,0.420840710401535,0.6053625345230103,0.431087464094162,0.4450980126857757,0.4324254691600799,0.6664220690727234,0.6413556337356567,0.3520143926143646,0.6380895376205444,0.8147633671760559,0.7779916524887085,0.1641992181539535,0.7521793842315674,0.7960633039474487,0.5759606957435608,0.1891136169433593,0.5008649826049805,0.6323851943016052,1.0,0.4298223555088043,1.0,0.682897686958313,0.8612527847290039,0.3839069604873657,0.8892518877983093,0.6914612054824829,0.8536301255226135,0.4449311196804046,0.8650985956192017
excited_110.jpg,excited,0.5460695624351501,0.4705555737018585,0.5751234889030457,0.4196449220180511,0.5101812481880188,0.4206349551677704,0.6056078672409058,0.4306492507457733,0.4450763761997223,0.4314400553703308,0.6664141416549683,0.6417320370674133,0.3513313829898834,0.6384798884391785,0.815186619758606,0.7798652648925781,0.1654535382986068,0.7554010152816772,0.7956176996231079,0.5745679140090942,0.1893138736486435,0.5019232034683228,0.6308198571205139,1.0,0.427225261926651,1.0,0.6828824281692505,0.8666040897369385,0.378935307264328,0.8929275870323181,0.6929370760917664,0.857134222984314,0.4384984970092773,0.8664610385894775
excited_111.jpg,excited,0.5464779734611511,0.4710607230663299,0.575262725353241,0.4193588495254516,0.5102124214172363,0.4209967851638794,0.6058531999588013,0.4289763867855072,0.4452044069766998,0.4312715530395508,0.6672049164772034,0.6421363353729248,0.351883202791214,0.6391518115997314,0.8159171938896179,0.780314564704895,0.1637633144855499,0.7541022300720215,0.7972460389137268,0.5765039920806885,0.1889594346284866,0.4999257922172546,0.6323836445808411,1.0,0.4298326075077057,1.0,0.6816830635070801,0.8700659871101379,0.3858078122138977,0.8968422412872314,0.6912684440612793,0.8608662486076355,0.4484389722347259,0.8694241642951965
excited_112.jpg,excited,0.5464960932731628,0.4690398275852203,0.5755460858345032,0.4177188575267792,0.5102807283401489,0.4191155433654785,0.6057664752006531,0.4293767511844635,0.4441173672676086,0.4307835102081299,0.6664631962776184,0.6444135904312134,0.3465144336223602,0.6385686993598938,0.8164057731628418,0.7787966132164001,0.1608826220035553,0.7501434683799744,0.7973424792289734,0.5654915571212769,0.1930329352617263,0.5005274415016174,0.6251465082168579,1.0,0.4189977347850799,1.0,0.680320680141449,0.8691569566726685,0.3746289908885956,0.8953457474708557,0.6972751021385193,0.8631620407104492,0.439718097448349,0.8729031085968018
excited_113.jpg,excited,0.5473577380180359,0.4696255624294281,0.5756909847259521,0.4176833629608154,0.5104795694351196,0.4202234447002411,0.6058309078216553,0.4288471341133117,0.4434752166271209,0.433054655790329,0.6670927405357361,0.6442137956619263,0.3466932773590088,0.6386950016021729,0.8176866769790649,0.7783094048500061,0.1556157320737838,0.748960554599762,0.7984699606895447,0.5689393877983093,0.1848510503768921,0.5078858733177185,0.6197208166122437,1.0,0.4120844304561615,1.0,0.6684982776641846,0.8757404685020447,0.3553648889064789,0.90258526802063,0.682093620300293,0.8643754720687866,0.4071347415447235,0.8741161227226257
excited_114.jpg,excited,0.546376645565033,0.4671688973903656,0.5744519233703613,0.4150872230529785,0.5091779828071594,0.4183352291584015,0.6047948002815247,0.4264881014823913,0.4430825710296631,0.4325509369373321,0.6671726703643799,0.6431428790092468,0.3493586182594299,0.6378515362739563,0.8173269629478455,0.7833548784255981,0.1604072153568267,0.7487573623657227,0.794965922832489,0.5726998448371887,0.1952976435422897,0.503075361251831,0.6245002746582031,1.0,0.4185719490051269,1.0,0.6752105355262756,0.8689441084861755,0.368229478597641,0.8994268774986267,0.689337432384491,0.860868513584137,0.4223775863647461,0.8747632503509521
excited_115.jpg,excited,0.5456833243370056,0.4691315591335296,0.5735990405082703,0.4151420593261719,0.5081164836883545,0.4201714694499969,0.6047598719596863,0.4228841364383697,0.4427845180034637,0.4325489401817322,0.6687866449356079,0.6420398950576782,0.3478797376155853,0.6377231478691101,0.8171699643135071,0.7807936072349548,0.1608136147260666,0.7467232346534729,0.7978326678276062,0.568467378616333,0.1968104690313339,0.5110637545585632,0.6242348551750183,1.0,0.4177212417125702,1.0,0.6737277507781982,0.865527331829071,0.3696528971195221,0.8931721448898315,0.702558696269989,0.8602069616317749,0.4365999698638916,0.8693182468414307
excited_116.jpg,excited,0.5457155108451843,0.4690625965595245,0.5738646388053894,0.4149508476257324,0.5080874562263489,0.419526070356369,0.604985773563385,0.4229788780212402,0.4425998330116272,0.4317453503608703,0.6689049601554871,0.6436606645584106,0.3473702073097229,0.639186680316925,0.8159685134887695,0.7843618392944336,0.1604734510183334,0.7477949261665344,0.7967125773429871,0.5657287836074829,0.1982011646032333,0.4918945431709289,0.6245683431625366,1.0,0.4176013171672821,1.0,0.6750583052635193,0.8655076622962952,0.3698162138462066,0.8925493359565735,0.6991029977798462,0.86014723777771,0.4349060952663421,0.8682738542556763
excited_117.jpg,excited,0.5430057048797607,0.4669564664363861,0.5711703300476074,0.4147436916828155,0.5061095952987671,0.41893470287323,0.6027342677116394,0.4256079792976379,0.4431361854076385,0.4339384734630584,0.6691526770591736,0.6429811716079712,0.3512025773525238,0.6392025351524353,0.8193340301513672,0.7782028317451477,0.16290083527565,0.7413621544837952,0.8036163449287415,0.5675796866416931,0.1875123828649521,0.4892186820507049,0.6292089223861694,1.0,0.4238980710506439,1.0,0.6797322630882263,0.8729473352432251,0.3724648952484131,0.8969041109085083,0.7066826820373535,0.8615064024925232,0.4369317591190338,0.865314781665802
excited_118.jpg,excited,0.5439934730529785,0.4702879786491394,0.5708125829696655,0.4160987734794616,0.506710946559906,0.4218077063560486,0.6009954810142517,0.4217099547386169,0.4426008760929107,0.4331507682800293,0.6668398976325989,0.6383904218673706,0.3515626490116119,0.6371786594390869,0.8188751339912415,0.7759130597114563,0.164597749710083,0.7385115623474121,0.8066814541816711,0.566931426525116,0.1951522082090377,0.4756196439266205,0.6303949356079102,1.0,0.4277623295783996,1.0,0.6783592104911804,0.8708988428115845,0.3815937936306,0.8989835381507874,0.7074217200279236,0.8575062155723572,0.4493627250194549,0.8623177409172058
excited_119.jpg,excited,0.5397608280181885,0.4657793045043945,0.5677664875984192,0.4133387804031372,0.5029931664466858,0.4174286127090454,0.5987192988395691,0.4236057698726654,0.4392962455749511,0.4313690662384033,0.6614528894424438,0.6416684985160828,0.3463831841945648,0.6392610669136047,0.8109419941902161,0.7775904536247253,0.1606724262237548,0.742563784122467,0.8013416528701782,0.5735042691230774,0.1870644092559814,0.4841265678405761,0.6237758994102478,1.0,0.4211330413818359,1.0,0.6797012090682983,0.8723850250244141,0.3791699409484863,0.8997499346733093,0.7089707255363464,0.8576215505599976,0.4479109346866607,0.8646124601364136
excited_120.jpg,excited,0.5410206317901611,0.4659131169319153,0.567877471446991,0.4128814935684204,0.503900945186615,0.418138712644577,0.5977838039398193,0.421320766210556,0.4393626749515533,0.432066798210144,0.6609304547309875,0.6390613913536072,0.3467311859130859,0.6388661861419678,0.8117673993110657,0.7767574191093445,0.157353326678276,0.7454442977905273,0.7999951839447021,0.5670828223228455,0.1755421161651611,0.4911315441131592,0.6219593286514282,1.0,0.4203565120697021,1.0,0.6775466799736023,0.8721800446510315,0.3816471695899963,0.9001474976539612,0.7077171206474304,0.8575307726860046,0.4491762816905975,0.864253044128418
excited_121.jpg,excited,0.5409504175186157,0.4648102819919586,0.566902756690979,0.4128631949424743,0.5041038990020752,0.417902410030365,0.5952280163764954,0.4228798151016235,0.4384619891643524,0.4335607886314392,0.6588187217712402,0.637839674949646,0.3481711447238922,0.6387867331504822,0.8136903047561646,0.7745274901390076,0.157351016998291,0.7433918118476868,0.7992618680000305,0.5659719109535217,0.1606848239898681,0.4870884120464325,0.621365487575531,1.0,0.4202933311462402,1.0,0.6762339472770691,0.8737582564353943,0.3730824887752533,0.902149260044098,0.7029646039009094,0.8555664420127869,0.4297862946987152,0.8633787035942078
excited_122.jpg,excited,0.5387399196624756,0.4503850638866424,0.5648943185806274,0.4020999372005462,0.5026516318321228,0.4052854180335998,0.5921565294265747,0.4195596277713775,0.4372831284999847,0.4268143773078918,0.6585356593132019,0.6364619135856628,0.3451446890830993,0.635876476764679,0.8174402117729187,0.7702820897102356,0.1601878851652145,0.7435755729675293,0.7975574731826782,0.5517957806587219,0.1535183191299438,0.4979362785816192,0.6211972832679749,1.0,0.419518768787384,1.0,0.6818735003471375,0.8598539233207703,0.3815625309944153,0.8812593221664429,0.7084425687789917,0.8497744202613831,0.4482893943786621,0.8524938225746155
excited_123.jpg,excited,0.5272493362426758,0.4302772283554077,0.5545815825462341,0.3888275921344757,0.4930425584316253,0.3863004148006439,0.5816649198532104,0.4180662333965301,0.4313218593597412,0.4141964316368103,0.6501157879829407,0.6337619423866272,0.3425490856170654,0.6338451504707336,0.8105844855308533,0.7615050673484802,0.1625938862562179,0.7588381767272949,0.7907229065895081,0.5424826741218567,0.1509944945573806,0.5115295052528381,0.6210952997207642,1.0,0.4240708947181701,1.0,0.6778878569602966,0.8526537418365479,0.3870587944984436,0.8672716021537781,0.666670024394989,0.8474106788635254,0.4377353191375732,0.8465104699134827
excited_124.jpg,excited,0.5371469259262085,0.4226265847682953,0.5652031302452087,0.3869093954563141,0.5054923892021179,0.3765269815921783,0.5871516466140747,0.423651248216629,0.4379625916481018,0.4018481373786926,0.646424412727356,0.6309372186660767,0.3390794694423675,0.625417947769165,0.816257119178772,0.7555176615715027,0.1471305638551712,0.7682029008865356,0.7902418971061707,0.5318166017532349,0.1301433593034744,0.5232301950454712,0.6215711832046509,1.0,0.4260120391845703,1.0,0.6815198063850403,0.8441342115402222,0.4012524783611297,0.8653732538223267,0.6312891840934753,0.8353448510169983,0.4397815763950348,0.8493911623954773
excited_125.jpg,excited,0.5304496884346008,0.4272682070732116,0.5555285215377808,0.382107526063919,0.494103729724884,0.3824345469474792,0.5806282162666321,0.4066264033317566,0.4283249080181122,0.4096958339214325,0.6501785516738892,0.6291459798812866,0.3380176723003387,0.633759081363678,0.8141183853149414,0.7603965401649475,0.1445577144622802,0.7645903825759888,0.7924935221672058,0.5342481136322021,0.1337888240814209,0.5216888785362244,0.6205596923828125,1.0,0.4239892959594726,1.0,0.6691400408744812,0.8461201190948486,0.3957819640636444,0.8661202788352966,0.6534239649772644,0.8341436386108398,0.4450467228889465,0.8339053392410278
excited_126.jpg,excited,0.523634135723114,0.4311201274394989,0.5476879477500916,0.3837913572788238,0.4858631789684295,0.3896987438201904,0.5754134058952332,0.4052049815654754,0.42465940117836,0.4213716089725494,0.653814971446991,0.6314556002616882,0.3394320905208587,0.6364122033119202,0.8092285394668579,0.7649156451225281,0.1606521606445312,0.7522255182266235,0.7833580374717712,0.5167742967605591,0.1531554907560348,0.5062718391418457,0.6158141493797302,1.0,0.4161350727081299,1.0,0.6699219942092896,0.8581812381744385,0.3856631219387054,0.866020917892456,0.6909999251365662,0.8543456196784973,0.4510084688663482,0.83616042137146
excited_127.jpg,excited,0.518903911113739,0.4341576993465423,0.5430110692977905,0.3844226896762848,0.4800821840763092,0.3938281238079071,0.5736671686172485,0.4028772115707397,0.4224248826503753,0.4268774390220642,0.6558595895767212,0.6320424675941467,0.3403950333595276,0.6396137475967407,0.8074840903282166,0.7673172354698181,0.1582501679658889,0.7487874627113342,0.7772284150123596,0.5220114588737488,0.1612157672643661,0.5015811920166016,0.6144911646842957,1.0,0.4137114584445953,1.0,0.6638621091842651,0.8576884865760803,0.3790463805198669,0.8676266074180603,0.6940160989761353,0.856373131275177,0.4493412673473358,0.8374974131584167
excited_128.jpg,excited,0.5181838870048523,0.4426815509796142,0.5442380309104919,0.3918905556201935,0.4814668595790863,0.3982611894607544,0.5751954317092896,0.4057592153549194,0.4233863055706024,0.4215759038925171,0.6498478055000305,0.6313300132751465,0.3381317555904388,0.6369582414627075,0.803780198097229,0.7604994773864746,0.1590806543827057,0.7466268539428711,0.7760686874389648,0.5140355825424194,0.157001718878746,0.49710413813591,0.6110587120056152,1.0,0.4129924774169922,1.0,0.6673476099967957,0.8553352355957031,0.3828969895839691,0.868850827217102,0.7019410133361816,0.8509944081306458,0.4602172970771789,0.8421064019203186
excited_129.jpg,excited,0.5216001868247986,0.4442858695983886,0.5472354292869568,0.3940406739711761,0.484920471906662,0.3997611701488495,0.5766291618347168,0.4085949063301086,0.4247047901153564,0.4228464663028717,0.6492679715156555,0.6330793499946594,0.3402166068553924,0.6349180340766907,0.8076860308647156,0.7641432285308838,0.159122809767723,0.739253580570221,0.7802606225013733,0.5147320032119751,0.1554436236619949,0.4874158501625061,0.6120539307594299,1.0,0.4152066707611084,1.0,0.6687931418418884,0.846580445766449,0.3857803344726562,0.8654469847679138,0.7008059024810791,0.8394919037818909,0.4583302438259125,0.8394034504890442
excited_130.jpg,excited,0.5250932574272156,0.4454172253608703,0.5494051575660706,0.3938523232936859,0.4872050285339355,0.4015361964702606,0.5779857039451599,0.4062354564666748,0.4254407882690429,0.4251521229743957,0.6520412564277649,0.6315537691116333,0.3402107954025268,0.6335493326187134,0.8042115569114685,0.7695611119270325,0.1575329303741455,0.7382215857505798,0.7798436284065247,0.5256573557853699,0.1547513753175735,0.4882415533065796,0.6123901009559631,1.0,0.4131732583045959,1.0,0.6684040427207947,0.8561154007911682,0.3809550404548645,0.8696153163909912,0.7070151567459106,0.8488602042198181,0.4524107575416565,0.8364869952201843
excited_131.jpg,excited,0.5288040041923523,0.4449049830436706,0.5529781579971313,0.3945646584033966,0.4914507865905761,0.4008339047431946,0.5801443457603455,0.4086834192276001,0.4283003807067871,0.4240581095218658,0.653247058391571,0.6341370344161987,0.3397573232650757,0.6359043717384338,0.808168888092041,0.7736027240753174,0.1571597605943679,0.7440682053565979,0.7917256355285645,0.5466827750205994,0.1533840447664261,0.4944427013397217,0.6170451045036316,1.0,0.4182579219341278,1.0,0.6727496981620789,0.8615127205848694,0.3905892670154571,0.8737317323684692,0.7072703242301941,0.8537351489067078,0.4665839374065399,0.8378109335899353
excited_132.jpg,excited,0.5295882225036621,0.4485246241092682,0.5545631647109985,0.3962897062301636,0.4913688600063324,0.4025304317474365,0.5830426812171936,0.4086847007274627,0.4270178377628326,0.4237314164638519,0.6524819731712341,0.638577938079834,0.3421234488487243,0.637837827205658,0.8053215146064758,0.7850308418273926,0.1661614179611206,0.748202919960022,0.7908474206924438,0.5587887167930603,0.1742881834506988,0.4943247139453888,0.6139392852783203,1.0,0.4167992770671844,1.0,0.6658570170402527,0.8611746430397034,0.3868982493877411,0.8790791034698486,0.6933579444885254,0.8494825959205627,0.45296111702919,0.8435662984848022
excited_133.jpg,excited,0.5333677530288696,0.4540163874626159,0.5592845678329468,0.402719646692276,0.4953002035617828,0.4074008464813232,0.5877545475959778,0.4167821109294891,0.4290932714939117,0.4278179705142975,0.6551797389984131,0.6440103650093079,0.3415589332580566,0.639903724193573,0.8101891875267029,0.7915281057357788,0.1592003405094146,0.751711368560791,0.7968272566795349,0.5739652514457703,0.1612201035022735,0.5132601261138916,0.6181793808937073,1.0,0.4196031987667084,1.0,0.6706969141960144,0.8583987355232239,0.3911004364490509,0.8786635994911194,0.6954269409179688,0.8469410538673401,0.4589833915233612,0.8476389646530151
tired_0.jpg,tired,0.6068594455718994,0.7351691126823425,0.6605871319770813,0.6707292199134827,0.5605605840682983,0.6680474281311035,0.7308284640312195,0.6556596755981445,0.4932601153850555,0.6452115178108215,0.7908293604850769,0.8075481057167053,0.387155145406723,0.7929465770721436,0.8282839059829712,1.0,0.3113699853420257,1.0,0.6488171815872192,0.9627639055252076,0.523478627204895,0.95589280128479,0.680531919002533,1.0,0.4480299949645996,1.0,0.6746708750724792,0.8428621292114258,0.5080341696739197,0.8088871240615845,0.6198262572288513,0.8752804398536682,0.7278618216514587,0.8201117515563965
tired_1.jpg,tired,0.6223376393318176,0.7233636379241943,0.6697751879692078,0.6668179631233215,0.5802322030067444,0.6599302887916565,0.7291683554649353,0.6561877131462097,0.5131315588951111,0.6384159922599792,0.7966691255569458,0.8036342859268188,0.3847683072090149,0.7860357165336609,0.837082028388977,1.0,0.3066524565219879,1.0,0.6768390536308289,0.9475298523902892,0.5195316672325134,0.9578400254249572,0.6643919944763184,0.996204674243927,0.4302887916564941,0.985812246799469,0.684106707572937,0.8593060374259949,0.5082577466964722,0.7794415354728699,0.6050597429275513,0.9128044247627258,0.7145863771438599,0.7845247387886047
tired_2.jpg,tired,0.61882084608078,0.7264047861099243,0.6690474152565002,0.6636102199554443,0.5750943422317505,0.6624739766120911,0.7348089218139648,0.6460413336753845,0.5115400552749634,0.6395182609558105,0.79371178150177,0.8085443377494812,0.3910729587078094,0.7987328171730042,0.8280438780784607,1.0,0.3044032752513885,1.0,0.6714694499969482,0.9635832905769348,0.5064128041267395,0.9495110511779784,0.6583897471427917,1.0,0.4319659173488617,1.0,0.6562308073043823,0.8818390369415283,0.5077321529388428,0.8323898911476135,0.6054966449737549,0.9095488786697388,0.7357014417648315,0.825689435005188
tired_3.jpg,tired,0.6139406561851501,0.7306828498840332,0.666254460811615,0.6678196787834167,0.5688382983207703,0.6598159074783325,0.7322532534599304,0.6468748450279236,0.5010008811950684,0.6269614696502686,0.7957383394241333,0.7995930314064026,0.3862651884555816,0.7815698385238647,0.8309293985366821,1.0,0.321863979101181,1.0,0.6756487488746643,0.954188346862793,0.5249125361442566,0.9680367112159728,0.665970504283905,1.0,0.4357722401618957,0.9999979138374328,0.6686697006225586,0.8673102259635925,0.5116419792175293,0.7894120216369629,0.5811495184898376,0.9141159653663636,0.7137383818626404,0.7958826422691345
tired_4.jpg,tired,0.6106148362159729,0.7312016487121582,0.6640702486038208,0.6695615649223328,0.56782466173172,0.6595587730407715,0.7315846681594849,0.6487936973571777,0.5028080940246582,0.6237238645553589,0.7940611839294434,0.8024840354919434,0.3861896693706512,0.7831745147705078,0.8275706171989441,1.0,0.3208179771900177,1.0,0.6673344969749451,0.9512342810630798,0.5235453248023987,0.9628717303276062,0.6647347807884216,1.0,0.4371754229068756,1.0,0.6584009528160095,0.8786422610282898,0.510302722454071,0.8018127679824829,0.5668201446533203,0.9159680008888244,0.7185813188552856,0.8030663728713989
tired_5.jpg,tired,0.6153120398521423,0.726632833480835,0.6681613326072693,0.6651533842086792,0.570530354976654,0.6569375991821289,0.7335099577903748,0.6530114412307739,0.5024566650390625,0.6318894624710083,0.7936393618583679,0.8059602975845337,0.3861814439296722,0.7866178154945374,0.8339473009109497,1.0,0.321992814540863,1.0,0.6879048347473145,0.9577547311782836,0.5262582898139954,0.9625353813171388,0.6595036387443542,1.0,0.4288470447063446,0.9994288086891174,0.6737071871757507,0.8701252937316895,0.509113609790802,0.7929098606109619,0.5923057794570923,0.9174124002456664,0.7103517651557922,0.7990024089813232
tired_6.jpg,tired,0.6182945370674133,0.7276259660720825,0.6697471737861633,0.6662118434906006,0.5724987387657166,0.6593308448791504,0.7341680526733398,0.6543026566505432,0.5029007792472839,0.6368078589439392,0.7965289950370789,0.7997891902923584,0.3864650130271911,0.7827706933021545,0.8367779850959778,1.0,0.3174514472484588,1.0,0.6827606558799744,0.9551778435707092,0.5305933356285095,0.968337059020996,0.6687090992927551,1.0,0.430176168680191,0.9928932189941406,0.7085842490196228,0.85606449842453,0.5051301121711731,0.7869930863380432,0.6307843923568726,0.9083455801010132,0.6863056421279907,0.7992153167724609
tired_7.jpg,tired,0.6138408184051514,0.7245872020721436,0.6629358530044556,0.6699668169021606,0.5756654143333435,0.6598869562149048,0.7270504832267761,0.6562796831130981,0.515090823173523,0.6316777467727661,0.8061321377754211,0.7949813008308411,0.3842590749263763,0.7807073593139648,0.8339807391166687,1.0,0.3180575370788574,1.0,0.6325539946556091,0.95488303899765,0.5421850681304932,0.9667391180992126,0.6798813939094543,0.9932805299758912,0.4386501908302307,0.9794227480888368,0.6810352802276611,0.8828502297401428,0.4884384274482727,0.7971633672714233,0.5858083963394165,0.9443400502204896,0.6924557089805603,0.8191006183624268
tired_8.jpg,tired,0.6102657914161682,0.7266166806221008,0.66146320104599,0.6693273186683655,0.5700361132621765,0.6599165797233582,0.7290437817573547,0.6575793027877808,0.5080683827400208,0.6337997913360596,0.7949033975601196,0.8026182651519775,0.390045166015625,0.7817079424858093,0.8388286828994751,1.0,0.3190898001194,1.0,0.6686697006225586,0.9559377431869508,0.5313599109649658,0.9620521068572998,0.665779709815979,0.9969825148582458,0.436620146036148,0.9844640493392944,0.6778768301010132,0.8603625297546387,0.5160555243492126,0.7865816950798035,0.5856925845146179,0.9059890508651732,0.7200965881347656,0.7952569127082825
tired_9.jpg,tired,0.6069740653038025,0.7243450284004211,0.6478930115699768,0.679044783115387,0.5828474164009094,0.6677898168563843,0.7028369307518005,0.6754145622253418,0.5391408801078796,0.6441404819488525,0.7433872222900391,0.8348431587219238,0.4084832370281219,0.8068031668663025,0.7299987077713013,1.0,0.3465053141117096,1.0,0.6017655730247498,0.9391418695449828,0.5897717475891113,0.9389031529426576,0.632430374622345,0.9634164571762084,0.4508481025695801,0.9522671699523926,0.6071445941925049,0.8568243384361267,0.5108873248100281,0.7802502512931824,0.5709233283996582,0.9263080954551696,0.7386805415153503,0.8095112442970276
tired_10.jpg,tired,0.6123801469802856,0.7193190455436707,0.6413950324058533,0.6794543266296387,0.5919591784477234,0.6681706309318542,0.6767720580101013,0.6677952408790588,0.553520679473877,0.6391357183456421,0.6873885989189148,0.8241569399833679,0.4336491525173187,0.7863762378692627,0.641866147518158,1.0,0.3482644259929657,1.0,0.5636081695556641,0.9434916377067566,0.584608793258667,0.9454668164253236,0.6089798212051392,0.9562495350837708,0.4749316871166229,0.9543360471725464,0.6492551565170288,0.8235424757003784,0.5914487242698669,0.7770261168479919,0.6152434349060059,0.9010441899299622,0.7556195259094238,0.820075273513794
tired_11.jpg,tired,0.6173501014709473,0.7300060391426086,0.6658160090446472,0.6704161167144775,0.5730054974555969,0.6655402779579163,0.7283794283866882,0.6528103947639465,0.5058860182762146,0.6401066184043884,0.7954221367835999,0.7959027290344238,0.3845419585704803,0.7817043662071228,0.8359754681587219,1.0,0.3135544955730438,1.0,0.6753817796707153,0.951481282711029,0.5318814516067505,0.9648218750953674,0.6615293025970459,1.0,0.4260854721069336,0.9928249716758728,0.689854621887207,0.8649749755859375,0.5095550417900085,0.791900098323822,0.6120129823684692,0.9138688445091248,0.7081956267356873,0.7944012880325317
tired_12.jpg,tired,0.611111581325531,0.7257087826728821,0.6614702939987183,0.667370080947876,0.5702757239341736,0.6573541760444641,0.7278016209602356,0.6545160412788391,0.507186770439148,0.63010573387146,0.7933942079544067,0.8079550266265869,0.3912051618099212,0.7842738032341003,0.828647792339325,1.0,0.3149556219577789,1.0,0.6540802121162415,0.9374738335609436,0.5315130949020386,0.957255244255066,0.6756043434143066,0.9919789433479308,0.4496583044528961,0.9792145490646362,0.6829654574394226,0.8517465591430664,0.5269439816474915,0.7773985862731934,0.588153600692749,0.9017022848129272,0.7254762053489685,0.7913296818733215
tired_13.jpg,tired,0.613583505153656,0.7238181233406067,0.6511403322219849,0.6750844717025757,0.5819191932678223,0.6657759547233582,0.7023210525512695,0.6599274277687073,0.5299684405326843,0.6378222107887268,0.767103374004364,0.8165315389633179,0.4030402600765228,0.7863557934761047,0.769231915473938,1.0,0.3198404014110565,1.0,0.5897179841995239,0.9492396116256714,0.5625632405281067,0.9351312518119812,0.6678692698478699,0.9709039926528932,0.4668783247470855,0.9578478336334229,0.6741757392883301,0.8428825736045837,0.5429703593254089,0.7660490274429321,0.59624183177948,0.9253345131874084,0.7335931658744812,0.8061406016349792
tired_14.jpg,tired,0.6204912066459656,0.7034021615982056,0.6741028428077698,0.6384779214859009,0.5704918503761292,0.6333218812942505,0.7366811037063599,0.6475203037261963,0.4948439598083496,0.6338207125663757,0.787686824798584,0.8293754458427429,0.3916850686073303,0.8215532302856445,0.8395441174507141,1.0,0.3140541911125183,1.0,0.6961595416069031,0.9739745259284972,0.4937948882579803,0.9583997130393982,0.6770243644714355,1.0,0.4496428668498993,1.0,0.7073900103569031,0.843385636806488,0.5233612656593323,0.803290605545044,0.6334202289581299,0.8901787996292114,0.698022723197937,0.8228325247764587
tired_15.jpg,tired,0.6049246788024902,0.6886895895004272,0.6678563952445984,0.6233570575714111,0.5588847994804382,0.605543851852417,0.7410845756530762,0.6467049717903137,0.4885322153568268,0.6039310693740845,0.7856730818748474,0.8410754203796387,0.3932889401912689,0.81548011302948,0.8391446471214294,1.0,0.3221660554409027,1.0,0.7060009837150574,0.9547467231750488,0.500584065914154,0.9663400650024414,0.6802072525024414,1.0,0.4429880082607269,1.0,0.7480212450027466,0.876728892326355,0.4833109974861145,0.8369518518447876,0.6448811888694763,0.8889619708061218,0.5794994235038757,0.8456833958625793
tired_16.jpg,tired,0.603733479976654,0.6776283383369446,0.6652111411094666,0.6103028059005737,0.5530659556388855,0.6018775105476379,0.7367894053459167,0.6380278468132019,0.4789189398288727,0.6153252124786377,0.7808102369308472,0.8359925746917725,0.3852394521236419,0.8350883722305298,0.8323515057563782,1.0,0.3146832287311554,1.0,0.6569438576698303,0.9507550001144408,0.5196736454963684,0.972563624382019,0.6884834170341492,1.0,0.45050048828125,1.0,0.7428242564201355,0.844276487827301,0.5030640959739685,0.8493862152099609,0.6543188095092773,0.8771610856056213,0.6394409537315369,0.8889461755752563
tired_17.jpg,tired,0.6039202809333801,0.6864650845527649,0.6643794178962708,0.6196064352989197,0.5545384883880615,0.6078843474388123,0.7330887913703918,0.6410977840423584,0.479237288236618,0.6118866205215454,0.7798523306846619,0.8321174383163452,0.384318083524704,0.8282999992370605,0.8425211906433105,1.0,0.3167168498039245,1.0,0.6652789115905762,0.9584380388259888,0.5237722992897034,0.9680821895599364,0.6934071183204651,1.0,0.4525402188301086,1.0,0.7665950655937195,0.8352582454681396,0.5010755062103271,0.8402873277664185,0.6615116000175476,0.8770220279693604,0.6103292107582092,0.8923507928848267
tired_18.jpg,tired,0.6059685349464417,0.6863852143287659,0.6663349270820618,0.6203184723854065,0.5572183132171631,0.6084684729576111,0.7336249351501465,0.6421638131141663,0.4816749691963196,0.6119322180747986,0.7784263491630554,0.834107518196106,0.3813106417655945,0.8307146430015564,0.8359775543212891,1.0,0.3135574460029602,1.0,0.6618625521659851,0.952823281288147,0.5237146019935608,0.9700865149497986,0.6901199221611023,1.0,0.4499952495098114,1.0,0.7559648752212524,0.846210777759552,0.4992234408855438,0.8480066061019897,0.6590873003005981,0.8867828845977783,0.6241330504417419,0.8956663012504578
tired_19.jpg,tired,0.5954123139381409,0.6908027529716492,0.6570848226547241,0.6269779801368713,0.5502738356590271,0.6138848662376404,0.7304127216339111,0.6517168879508972,0.481806606054306,0.6180084347724915,0.7777739763259888,0.8388280868530273,0.3844261467456817,0.8299192786216736,0.8409900069236755,1.0,0.3152798116207123,1.0,0.6656224131584167,0.9593852162361144,0.5246539115905762,0.9665835499763488,0.6857386231422424,1.0,0.4464369714260101,1.0,0.753132164478302,0.8392260670661926,0.4906723201274872,0.8414719104766846,0.6565267443656921,0.8768258094787598,0.6144014000892639,0.8926515579223633
tired_20.jpg,tired,0.5998851656913757,0.6894150972366333,0.66191166639328,0.6247478127479553,0.5533208250999451,0.6107456684112549,0.7323750257492065,0.6456770300865173,0.4809764921665191,0.6100451946258545,0.7798506617546082,0.830471396446228,0.3827877938747406,0.8239114284515381,0.8435298204421997,1.0,0.316018670797348,1.0,0.6609604954719543,0.9568617939949036,0.5237779021263123,0.966413915157318,0.6944695115089417,1.0,0.4537303149700165,1.0,0.7546915411949158,0.8476327061653137,0.4984106123447418,0.8506643176078796,0.6506755948066711,0.8846396803855896,0.6262947916984558,0.9003260135650635
tired_21.jpg,tired,0.6102906465530396,0.688178300857544,0.6691076159477234,0.618404746055603,0.5579735636711121,0.6125200986862183,0.7363705039024353,0.6364500522613525,0.4808502793312073,0.6194682121276855,0.7781123518943787,0.8281002640724182,0.382118672132492,0.8317193984985352,0.8374687433242798,1.0,0.3127658367156982,1.0,0.7060667872428894,0.9408743977546692,0.5230886340141296,0.9653774499893188,0.6808539628982544,1.0,0.441751629114151,1.0,0.7537518739700317,0.8476203680038452,0.5006421208381653,0.85124272108078,0.6793944239616394,0.8848344683647156,0.6289449334144592,0.8858104944229126
tired_22.jpg,tired,0.6050260066986084,0.6627809405326843,0.6661856770515442,0.5989843010902405,0.5557184219360352,0.5866052508354187,0.7339560389518738,0.6345414519309998,0.4801519513130188,0.6034408807754517,0.7810491323471069,0.8368275165557861,0.3798168301582336,0.837119996547699,0.8422117233276367,1.0,0.3116476535797119,1.0,0.6714615821838379,0.9472402334213256,0.5218206644058228,0.9684288501739502,0.6976134181022644,1.0,0.4534471929073334,1.0,0.7717276811599731,0.8382811546325684,0.4997154176235199,0.8456249237060547,0.669064462184906,0.8835629224777222,0.6169896125793457,0.9015844464302064
tired_23.jpg,tired,0.6056928634643555,0.6639399528503418,0.6662978529930115,0.598085880279541,0.555762767791748,0.5887309312820435,0.7350108027458191,0.6292420625686646,0.4811066687107086,0.6046885848045349,0.7804891467094421,0.8343045115470886,0.3814252018928528,0.8337739706039429,0.8343400955200195,1.0,0.3140531480312347,1.0,0.6607205867767334,0.945306122303009,0.5225752592086792,0.9653677344322203,0.6859714388847351,1.0,0.4439214169979095,1.0,0.7543137669563293,0.8472151160240173,0.4948331415653229,0.8527222275733948,0.6657798290252686,0.8889164328575134,0.6224245429039001,0.9031391739845276
tired_24.jpg,tired,0.6028422713279724,0.6672729253768921,0.6634156107902527,0.6041267514228821,0.5563193559646606,0.5897987484931946,0.7304067611694336,0.6349040269851685,0.4831273555755615,0.5993096232414246,0.7822372317314148,0.8379640579223633,0.3789434134960174,0.8359702825546265,0.8438975214958191,1.0,0.3140426576137543,1.0,0.6600930094718933,0.9530468583106996,0.521125078201294,0.9670390486717224,0.6992882490158081,1.0,0.4550829529762268,1.0,0.7680233716964722,0.8405790328979492,0.4948997497558594,0.8388749957084656,0.6638237237930298,0.8930810689926147,0.6175372004508972,0.9016003012657166
tired_25.jpg,tired,0.6108003258705139,0.6649186611175537,0.6705893874168396,0.5981026291847229,0.5592231154441833,0.5895016193389893,0.7367228865623474,0.6268333792686462,0.4810104370117187,0.6043035984039307,0.7824710011482239,0.8313962817192078,0.3812506198883056,0.8348760008811951,0.8360151648521423,1.0,0.3166598975658417,1.0,0.657866895198822,0.9543001055717468,0.5243677496910095,0.9666566848754884,0.689976155757904,1.0,0.4484178125858307,1.0,0.7512397766113281,0.8483877778053284,0.503160297870636,0.8520845174789429,0.6560303568840027,0.8922111988067627,0.6353010535240173,0.8995544910430908
tired_26.jpg,tired,0.6062982082366943,0.6624469757080078,0.6678151488304138,0.5951977372169495,0.5562355518341064,0.5851510167121887,0.7377825975418091,0.6256182789802551,0.4813553392887115,0.5995653867721558,0.7835549712181091,0.835408091545105,0.3803417384624481,0.8343943953514099,0.8367792367935181,1.0,0.3124348521232605,1.0,0.6608158946037292,0.952026069164276,0.5217089056968689,0.9666362404823304,0.6868667006492615,1.0,0.4427681863307953,1.0,0.7560478448867798,0.844948410987854,0.4938926696777344,0.8492243885993958,0.6631314158439636,0.8879554867744446,0.6194223165512085,0.9017280340194702
tired_27.jpg,tired,0.6053465604782104,0.6603436470031738,0.6672059893608093,0.592880129814148,0.5547095537185669,0.5838178396224976,0.7379449009895325,0.6247802972793579,0.4802412986755371,0.6006312370300293,0.7801665663719177,0.8345746994018555,0.3810344934463501,0.8342804312705994,0.8345146179199219,1.0,0.3133577704429626,1.0,0.6760445833206177,0.9419103264808656,0.522048830986023,0.9662909507751464,0.6799461245536804,1.0,0.4390358030796051,1.0,0.7477661371231079,0.85020911693573,0.4955217540264129,0.8570289015769958,0.6596242785453796,0.8867942094802856,0.6233583092689514,0.9029393196105956
tired_28.jpg,tired,0.6062837839126587,0.6746163368225098,0.6647717356681824,0.6101914048194885,0.5586469173431396,0.5992512106895447,0.7310959696769714,0.634296178817749,0.485438197851181,0.6067490577697754,0.7821427583694458,0.8356959819793701,0.383703202009201,0.8323768377304077,0.8416118025779724,1.0,0.3175899088382721,1.0,0.662019670009613,0.951164722442627,0.5234596133232117,0.9665464758872986,0.6911246180534363,1.0,0.4516705572605133,1.0,0.7544901967048645,0.8438592553138733,0.5017422437667847,0.8407674431800842,0.6587192416191101,0.8962096571922302,0.6310243010520935,0.8992581963539124
tired_29.jpg,tired,0.6090628504753113,0.6843798756599426,0.6671466827392578,0.6202186942100525,0.5596113801002502,0.6092876195907593,0.7305976748466492,0.642897367477417,0.4813169538974762,0.6152952909469604,0.7782290577888489,0.8314277529716492,0.3813800811767578,0.8307992815971375,0.8349595069885254,1.0,0.3158233165740967,1.0,0.6472592353820801,0.9542617201805116,0.5238921642303467,0.9666247367858888,0.6956831812858582,1.0,0.4561612606048584,1.0,0.7548952698707581,0.8398080468177795,0.506242573261261,0.8387309312820435,0.6531872153282166,0.886311411857605,0.6370706558227539,0.886698842048645
tired_30.jpg,tired,0.5978097319602966,0.6917592883110046,0.6581835746765137,0.6287566423416138,0.5515848994255066,0.6153358221054077,0.7264614105224609,0.6484653949737549,0.4796288609504699,0.6143236756324768,0.7773882150650024,0.8255929946899414,0.3836691081523895,0.8251345753669739,0.8352417349815369,1.0,0.3173501193523407,1.0,0.643062174320221,0.9551211595535278,0.5167354941368103,0.9661970138549804,0.7016342282295227,1.0,0.4641576707363128,1.0,0.7450906038284302,0.8459702730178833,0.4997943937778473,0.844388484954834,0.634243905544281,0.8888357281684875,0.6328259706497192,0.8939129114151001
tired_31.jpg,tired,0.6116132140159607,0.698216438293457,0.6655637621879578,0.628663182258606,0.5597877502441406,0.6282575130462646,0.7319670915603638,0.6289260983467102,0.4849929809570312,0.625333845615387,0.7864518165588379,0.8148674368858337,0.3852908313274383,0.816227912902832,0.8265764117240906,1.0,0.3118746280670166,1.0,0.6356885433197021,0.942328691482544,0.5214511156082153,0.96451735496521,0.6761872172355652,1.0,0.4380684792995453,1.0,0.7038232088088989,0.848352313041687,0.4904645085334778,0.8381669521331787,0.6295539140701294,0.8941684365272522,0.6508309245109558,0.8720465898513794
tired_32.jpg,tired,0.602350652217865,0.70582115650177,0.6572954654693604,0.6415988802909851,0.5548902153968811,0.6372485160827637,0.7274696826934814,0.6443299651145935,0.4862926006317138,0.6315585970878601,0.7893351316452026,0.8140303492546082,0.3860810697078705,0.8042666912078857,0.8338451385498047,1.0,0.3119475543498993,1.0,0.6396137475967407,0.9471213221549988,0.5212048888206482,0.961597740650177,0.6824074983596802,1.0,0.4424517750740051,1.0,0.7034209966659546,0.8284422755241394,0.4853280186653137,0.8061375617980957,0.6259171962738037,0.8788933753967285,0.6536858677864075,0.8465331196784973
tired_33.jpg,tired,0.6214371919631958,0.7297184467315674,0.6687766313552856,0.6725311875343323,0.5758596658706665,0.6707904934883118,0.7313389778137207,0.6669220924377441,0.5067762136459351,0.6610273122787476,0.7998453974723816,0.8002169728279114,0.3853259086608886,0.788898766040802,0.8374318480491638,1.0,0.3067588806152344,1.0,0.6580666899681091,0.9585467576980592,0.5264458060264587,0.9626254439353944,0.6784880757331848,1.0,0.4338519275188446,0.9995976090431212,0.7184135317802429,0.8180726170539856,0.514694094657898,0.7638323307037354,0.6546159386634827,0.8709912896156311,0.7221342921257019,0.7750985622406006
tired_34.jpg,tired,0.6239026188850403,0.754161536693573,0.671720027923584,0.694506824016571,0.5754806399345398,0.6895811557769775,0.7298189401626587,0.6787150502204895,0.4969899356365204,0.6660214066505432,0.7888383269309998,0.8041564226150513,0.3906909525394439,0.7899277210235596,0.8381425142288208,1.0,0.3154032230377197,1.0,0.669060230255127,0.9674532413482666,0.5189790725708008,0.960816502571106,0.6948224902153015,0.9965192675590516,0.4647916853427887,0.9947455525398254,0.7088527679443359,0.8171972036361694,0.5457807183265686,0.7770429253578186,0.6225913763046265,0.8546050786972046,0.7404259443283081,0.7805530428886414
tired_35.jpg,tired,0.6091387271881104,0.7524818778038025,0.6643809080123901,0.6910232305526733,0.5610721111297607,0.6849961280822754,0.7349100112915039,0.6938013434410095,0.4891916215419769,0.6768867373466492,0.7886070609092712,0.8297783732414246,0.3883176743984222,0.8140906691551208,0.8419087529182434,1.0,0.3106140792369842,1.0,0.6763944029808044,0.9829782247543336,0.5198150873184204,0.972839653491974,0.6854758262634277,0.996712565422058,0.4518259167671203,0.9960023760795592,0.7174109220504761,0.8034325242042542,0.5349038243293762,0.7773796916007996,0.6318240165710449,0.8402696847915649,0.7226337790489197,0.7973585724830627
tired_36.jpg,tired,0.6102461814880371,0.7500062584877014,0.6640461087226868,0.6878016591072083,0.5621568560600281,0.684129536151886,0.7336281538009644,0.6842167973518372,0.4913500249385834,0.6726235151290894,0.7879657745361328,0.8188464045524597,0.3896583318710327,0.8052706122398376,0.8370160460472107,1.0,0.3097646534442901,1.0,0.6724462509155273,0.9739328026771544,0.518054187297821,0.9635268449783324,0.6789326071739197,1.0,0.4456379115581512,0.9997513294219972,0.707780659198761,0.8090330958366394,0.5235903859138489,0.7830401659011841,0.6309152245521545,0.8428595066070557,0.7117710113525391,0.7973814606666565
tired_37.jpg,tired,0.6189226508140564,0.7430714964866638,0.6674558520317078,0.6804940700531006,0.5691322684288025,0.6806578040122986,0.7312294840812683,0.6690597534179688,0.4948092997074127,0.6676405668258667,0.7927457690238953,0.805478572845459,0.3872356712818146,0.7958656549453735,0.8387115597724915,1.0,0.308194488286972,1.0,0.6644094586372375,0.9691444635391236,0.5291357040405273,0.972114622592926,0.6828187704086304,1.0,0.4439047873020172,1.0,0.7195532917976379,0.8109762668609619,0.5275643467903137,0.7815335988998413,0.6509219408035278,0.8543074131011963,0.7171967029571533,0.7943273782730103
tired_38.jpg,tired,0.6169659495353699,0.74759840965271,0.666810154914856,0.6841751933097839,0.5674548149108887,0.6831218600273132,0.732015073299408,0.6691742539405823,0.4940556585788727,0.6648769974708557,0.7900419235229492,0.8056764602661133,0.389669805765152,0.7952082753181458,0.8377059102058411,1.0,0.3094546496868133,1.0,0.6716435551643372,0.9723759293556212,0.5214073061943054,0.9668731093406676,0.6797762513160706,1.0,0.4459615349769592,1.0,0.7110667824745178,0.8163986802101135,0.5325560569763184,0.7891665697097778,0.6335152983665466,0.855534553527832,0.7190185189247131,0.8018847107887268
tired_39.jpg,tired,0.6150466799736023,0.7449076771736145,0.6641755700111389,0.6820831298828125,0.5663146376609802,0.6822941899299622,0.7295350432395935,0.6677104234695435,0.4948640465736389,0.6658895015716553,0.7899114489555359,0.8053544759750366,0.3905184268951416,0.7967337965965271,0.8358282446861267,1.0,0.3106145858764648,1.0,0.6651021242141724,0.9695467948913574,0.5217483043670654,0.9626333117485046,0.6802738308906555,1.0,0.4480614364147186,1.0,0.7021353244781494,0.8154248595237732,0.5312972068786621,0.7879717350006104,0.6301760673522949,0.8547062277793884,0.7276853919029236,0.7999938726425171
tired_40.jpg,tired,0.6163385510444641,0.7453597187995911,0.6647512912750244,0.6830479502677917,0.5675919055938721,0.6825373768806458,0.7276453971862793,0.6670770645141602,0.4940066337585449,0.6638009548187256,0.7896443605422974,0.7989984154701233,0.386989563703537,0.7925180792808533,0.8375633358955383,1.0,0.3102880120277405,1.0,0.6628697514533997,0.9708982706069946,0.5233713984489441,0.9682902097702026,0.6865870952606201,1.0,0.4489561021327972,1.0,0.721618115901947,0.8128185868263245,0.5257033109664917,0.7871788144111633,0.6529560089111328,0.8569328188896179,0.7145156860351562,0.8038092255592346
tired_41.jpg,tired,0.6205635070800781,0.7481637001037598,0.6679918169975281,0.6848219633102417,0.5697118639945984,0.685019314289093,0.7294158339500427,0.6710407137870789,0.492405503988266,0.6701737642288208,0.7910686135292053,0.8046847581863403,0.3865548372268677,0.7969452142715454,0.8397617340087891,1.0,0.3114813566207886,1.0,0.6703715324401855,0.9760761857032776,0.5283453464508057,0.9706407189369202,0.6894211173057556,0.999528169631958,0.4496117532253265,1.0,0.7374753355979919,0.8086789846420288,0.5335056185722351,0.7795212268829346,0.6691803932189941,0.854578971862793,0.7134286761283875,0.793169379234314
tired_42.jpg,tired,0.6170765161514282,0.7426937222480774,0.6657482981681824,0.6793085932731628,0.5671644806861877,0.6800907254219055,0.7303558588027954,0.6667356491088867,0.4946447312831878,0.6669219136238098,0.7906243205070496,0.8082795143127441,0.3910844922065735,0.7980731725692749,0.8350297212600708,1.0,0.3107534050941467,1.0,0.6724207997322083,0.9719459414482116,0.5181159377098083,0.9606937170028688,0.6765769124031067,1.0,0.4435329437255859,1.0,0.706555962562561,0.8230109214782715,0.5284929871559143,0.7880142331123352,0.6374537348747253,0.8647438287734985,0.7171578407287598,0.7974458932876587
tired_43.jpg,tired,0.616325855255127,0.7449105978012085,0.6658552289009094,0.681873083114624,0.5667809844017029,0.6800258755683899,0.730442225933075,0.6698621511459351,0.4931710362434387,0.6645378470420837,0.7910985350608826,0.8095439076423645,0.3903685212135315,0.7959297299385071,0.8372703790664673,1.0,0.3116702437400818,1.0,0.668536901473999,0.9711390137672424,0.517617404460907,0.957545280456543,0.681914746761322,1.0,0.4474397599697113,1.0,0.7151034474372864,0.8155243396759033,0.5293096899986267,0.7775598764419556,0.6381661295890808,0.8585407733917236,0.7102681994438171,0.7902779579162598
tired_44.jpg,tired,0.6120575666427612,0.7433546185493469,0.6644238829612732,0.6790784597396851,0.5631649494171143,0.6765688061714172,0.7335668802261353,0.6662092804908752,0.4924487173557281,0.6585407257080078,0.7914240956306458,0.8051287531852722,0.3916116058826446,0.793805718421936,0.8392059206962585,1.0,0.3137829899787903,1.0,0.6681494116783142,0.975415050983429,0.522197425365448,0.9679937362670898,0.6809585094451904,1.0,0.4459400177001953,1.0,0.7189927697181702,0.8151742815971375,0.527615487575531,0.7896797060966492,0.6391971707344055,0.8527447581291199,0.7047749757766724,0.8073554039001465
tired_45.jpg,tired,0.6168002486228943,0.7415107488632202,0.6657951474189758,0.6760132908821106,0.5659286379814148,0.677968442440033,0.7319436073303223,0.6610291004180908,0.4932454526424408,0.664095401763916,0.7932695150375366,0.8055436015129089,0.3894091546535492,0.7969762086868286,0.8374037742614746,1.0,0.3102864325046539,1.0,0.6710948348045349,0.9708291292190552,0.5271474719047546,0.9653074145317078,0.6755949258804321,1.0,0.4379533231258392,1.0,0.7153074145317078,0.8241276144981384,0.5221123695373535,0.7931423187255859,0.6500813364982605,0.8653236627578735,0.7038218975067139,0.8034854531288147
tired_46.jpg,tired,0.6152417063713074,0.7433890700340271,0.666213870048523,0.6787694692611694,0.5651423931121826,0.6776803731918335,0.7331281900405884,0.6640276312828064,0.4931893050670624,0.6599467992782593,0.7900366187095642,0.8067772388458252,0.3938716351985931,0.7922173738479614,0.8374587893486023,1.0,0.3132475316524505,1.0,0.6855418086051941,0.9700981378555298,0.514220654964447,0.9549065828323364,0.6737334132194519,1.0,0.4436488747596741,1.0,0.7009314894676208,0.829947829246521,0.5282976627349854,0.7960377931594849,0.6249315142631531,0.863755464553833,0.7081888318061829,0.803430438041687
tired_47.jpg,tired,0.6188334226608276,0.7414517998695374,0.6660782694816589,0.6778130531311035,0.5689648389816284,0.6795655488967896,0.72845858335495,0.6599693894386292,0.4953953921794891,0.6623206734657288,0.7901515364646912,0.7984659075737,0.3898102939128876,0.7915504574775696,0.8370318412780762,1.0,0.3138599097728729,1.0,0.6723811030387878,0.9693089127540588,0.5227800011634827,0.964246928691864,0.6787538528442383,1.0,0.4441772401332855,1.0,0.7139450311660767,0.8261124491691589,0.5290991067886353,0.795708417892456,0.6526389718055725,0.8638962507247925,0.7195190787315369,0.8017205595970154
tired_48.jpg,tired,0.6178421378135681,0.739855170249939,0.6662273406982422,0.6725187301635742,0.566277801990509,0.6773588061332703,0.7312978506088257,0.6502343416213989,0.4931697845458984,0.658881664276123,0.7897422909736633,0.7974386215209961,0.3901120126247406,0.7940295338630676,0.8352484107017517,1.0,0.309485912322998,1.0,0.6754006743431091,0.9710391759872437,0.5227597951889038,0.9651573300361632,0.6700770258903503,1.0,0.4364426732063293,1.0,0.6959912180900574,0.8414292931556702,0.5189289450645447,0.8226073980331421,0.640399158000946,0.870927095413208,0.7109886407852173,0.8238751888275146
tired_49.jpg,tired,0.6159781217575073,0.7353293299674988,0.6659361124038696,0.6695056557655334,0.5657040476799011,0.6727073788642883,0.7340214848518372,0.6549080610275269,0.4951482713222503,0.6597458720207214,0.7926069498062134,0.800504744052887,0.3914867341518402,0.7958354353904724,0.8387417197227478,1.0,0.3116370141506195,1.0,0.6708008646965027,0.974231779575348,0.5328540205955505,0.9711331129074096,0.6723235845565796,1.0,0.436141163110733,1.0,0.7110719680786133,0.8204495906829834,0.5222678780555725,0.8017053008079529,0.6504549384117126,0.8593987226486206,0.711300790309906,0.8149526119232178
tired_50.jpg,tired,0.6188415884971619,0.7280746698379517,0.6679815649986267,0.6619833111763,0.5666036009788513,0.666083574295044,0.7331464290618896,0.6535905003547668,0.4921588897705078,0.66074138879776,0.7889925837516785,0.8035215139389038,0.3920483589172363,0.8003972172737122,0.8332352042198181,1.0,0.31174036860466,1.0,0.6692776083946228,0.970066249370575,0.5271787643432617,0.9667366743087769,0.6729738116264343,1.0,0.4370441138744354,1.0,0.7127969264984131,0.822866678237915,0.5148332118988037,0.8062891960144043,0.6530351042747498,0.8625519275665283,0.6898684501647949,0.8185774683952332
tired_51.jpg,tired,0.6154066920280457,0.7344501614570618,0.6670437455177307,0.6677393317222595,0.5638484954833984,0.6705322861671448,0.736381471157074,0.6589825749397278,0.4922753274440765,0.6627492904663086,0.789398729801178,0.8085561990737915,0.3952163159847259,0.8017846941947937,0.8346863985061646,1.0,0.3138980865478515,1.0,0.679233193397522,0.9769921898841858,0.5224924683570862,0.966616988182068,0.6688377261161804,1.0,0.4370128810405731,1.0,0.7034582495689392,0.8268429040908813,0.5207910537719727,0.8087859153747559,0.6399896740913391,0.8622303605079651,0.6999776363372803,0.8208582401275635
tired_52.jpg,tired,0.6155753135681152,0.7362921833992004,0.6659747362136841,0.6686245203018188,0.5648712515830994,0.6722885966300964,0.735038161277771,0.6490247249603271,0.4951508045196533,0.654906153678894,0.7931658625602722,0.7985420227050781,0.3939184248447418,0.7933594584465027,0.832205593585968,1.0,0.3122062087059021,1.0,0.6723129749298096,0.971558153629303,0.523090660572052,0.9658935070037842,0.6710063219070435,1.0,0.4375695288181305,1.0,0.6947379112243652,0.8358749151229858,0.5143434405326843,0.8120542168617249,0.6366444230079651,0.8694257736206055,0.7032026648521423,0.8187440037727356
tired_53.jpg,tired,0.617686927318573,0.7342895269393921,0.6670136451721191,0.6660273671150208,0.5655684471130371,0.6710923910140991,0.7342840433120728,0.6473033428192139,0.4939608573913574,0.6565843224525452,0.7920166254043579,0.8021593689918518,0.3931056559085846,0.7953208684921265,0.8322938084602356,1.0,0.3112795054912567,1.0,0.6871849894523621,0.975769579410553,0.5212935209274292,0.9611243605613708,0.6650578379631042,1.0,0.4331031739711761,1.0,0.6851876378059387,0.8440046906471252,0.513217568397522,0.8151046633720398,0.6299482583999634,0.8780837059020996,0.7024580240249634,0.8170233964920044
tired_54.jpg,tired,0.6119834780693054,0.7374666333198547,0.6623026728630066,0.6744056940078735,0.5653049349784851,0.6738816499710083,0.7305468916893005,0.6564850807189941,0.4999382495880127,0.6529813408851624,0.7919301986694336,0.8066091537475586,0.3942199647426605,0.7907131314277649,0.8324455618858337,1.0,0.3126035630702972,1.0,0.6739237904548645,0.9725343585014344,0.5197787880897522,0.964090883731842,0.6638645529747009,1.0,0.4338838160037994,1.0,0.6760545969009399,0.8524877429008484,0.5076692700386047,0.8142074942588806,0.6080719828605652,0.8837208151817322,0.7007006406784058,0.8198501467704773
tired_55.jpg,tired,0.6164915561676025,0.7045189738273621,0.6748923659324646,0.6359477639198303,0.5664782524108887,0.6248661875724792,0.7386140823364258,0.6425951719284058,0.4878786206245422,0.6147774457931519,0.7829259037971497,0.8307520747184753,0.3863604664802551,0.8211238384246826,0.8371248245239258,1.0,0.3219301402568817,1.0,0.6799096465110779,0.9646047353744508,0.5171337127685547,0.9695143103599548,0.6864382028579712,1.0,0.4523931443691253,1.0,0.7387451529502869,0.8581171631813049,0.5126044154167175,0.839765191078186,0.6491468548774719,0.9010401368141174,0.6522560119628906,0.8786976933479309
tired_56.jpg,tired,0.6071516871452332,0.6877919435501099,0.6669211387634277,0.6203965544700623,0.5559837222099304,0.6118603348731995,0.7347618937492371,0.6386021375656128,0.4796883761882782,0.6159645318984985,0.7803038954734802,0.8240278959274292,0.388892263174057,0.8237175941467285,0.8401470184326172,1.0,0.3177031874656677,1.0,0.6794132590293884,0.965317726135254,0.5116958022117615,0.9698247313499452,0.6935490965843201,1.0,0.4598100781440735,1.0,0.7352099418640137,0.8526926636695862,0.5107974410057068,0.85456383228302,0.6356143951416016,0.88291996717453,0.6433870792388916,0.8864235877990723
tired_57.jpg,tired,0.6081957817077637,0.6721510291099548,0.6650006175041199,0.6018837094306946,0.5542024970054626,0.6020353436470032,0.7334513068199158,0.6226222515106201,0.4784541130065918,0.6195675134658813,0.7796849012374878,0.827561616897583,0.38376185297966,0.8359320759773254,0.8325916528701782,1.0,0.3077077865600586,1.0,0.6751686334609985,0.9641934633255004,0.5149485468864441,0.9715307950973512,0.6712573170661926,1.0,0.4351327121257782,1.0,0.7171859741210938,0.8545878529548645,0.4946416914463043,0.8647626638412476,0.6413004398345947,0.8814594745635986,0.6367952227592468,0.8879368901252747
tired_58.jpg,tired,0.6103722453117371,0.6653688549995422,0.6665409207344055,0.5950621366500854,0.5554730892181396,0.5969634652137756,0.7358777523040771,0.618503987789154,0.4800415933132171,0.6200730800628662,0.7864992022514343,0.8294575214385986,0.3852025866508484,0.8368061780929565,0.8358028531074524,1.0,0.3079700469970703,1.0,0.670930027961731,0.9604325294494628,0.5174595713615417,0.970982551574707,0.6727750897407532,1.0,0.4327327907085418,1.0,0.7195397615432739,0.8432646989822388,0.4887939393520355,0.8498534560203552,0.6482645869255066,0.8793874382972717,0.6304579973220825,0.8810792565345764
tired_59.jpg,tired,0.6096143126487732,0.6671894788742065,0.6654561161994934,0.5970648527145386,0.5547691583633423,0.5988474488258362,0.7342838644981384,0.6196556687355042,0.4793915748596191,0.6209454536437988,0.7852323055267334,0.8290263414382935,0.3844009637832641,0.8356918692588806,0.8370102047920227,1.0,0.3066470324993133,1.0,0.682330846786499,0.9653255343437196,0.5150418281555176,0.9692489504814148,0.671406090259552,1.0,0.4326098561286926,1.0,0.7169353365898132,0.8449580073356628,0.4899329245090484,0.8488177061080933,0.6445578932762146,0.8824754357337952,0.631541907787323,0.8793374300003052
tired_60.jpg,tired,0.606728732585907,0.6669564843177795,0.6612908244132996,0.60006183385849,0.5532000660896301,0.5987563133239746,0.7330330610275269,0.6286932826042175,0.481499582529068,0.625881552696228,0.786214292049408,0.8382961750030518,0.3937290012836456,0.8323269486427307,0.8365165591239929,1.0,0.314587265253067,1.0,0.6920206546783447,0.9660831093788148,0.5169472694396973,0.972717583179474,0.665414035320282,1.0,0.4232122600078583,1.0,0.7524296641349792,0.8581854104995728,0.4727981090545654,0.8473612070083618,0.6650606393814087,0.8739429116249084,0.549297034740448,0.8539958000183105
tired_61.jpg,tired,0.6081773638725281,0.6645093560218811,0.663772702217102,0.5950132608413696,0.553754448890686,0.5969785451889038,0.7329773306846619,0.6204695105552673,0.4794116914272308,0.6222452521324158,0.7840992212295532,0.8316218852996826,0.3839105665683746,0.8393571376800537,0.8391982913017273,1.0,0.3071030080318451,1.0,0.6880923509597778,0.9604354500770568,0.5198271870613098,0.9688495993614196,0.6692902445793152,1.0,0.4284903109073639,1.0,0.7277003526687622,0.8339529037475586,0.4836361408233642,0.8434000015258789,0.6566980481147766,0.8761140704154968,0.6146687269210815,0.8824485540390015
tired_62.jpg,tired,0.6082625985145569,0.6689199805259705,0.6656675934791565,0.5984671711921692,0.5539745688438416,0.597841739654541,0.7349662780761719,0.6228036284446716,0.478278636932373,0.6183064579963684,0.78451007604599,0.8321525454521179,0.3823483884334564,0.8406366109848022,0.8417379260063171,1.0,0.3067381381988525,1.0,0.6955706477165222,0.9694945812225342,0.5138049125671387,0.9730353355407716,0.6758028864860535,1.0,0.4363316595554352,1.0,0.7260331511497498,0.8394572138786316,0.4913658797740936,0.845251739025116,0.6470437049865723,0.8796641230583191,0.6273041367530823,0.881130039691925
tired_63.jpg,tired,0.6086523532867432,0.6658798456192017,0.6649401187896729,0.5969155430793762,0.5544979572296143,0.5975781083106995,0.7332547903060913,0.6210910677909851,0.4789691865444183,0.6196149587631226,0.7833091616630554,0.828961968421936,0.3853939175605774,0.8346132040023804,0.837136447429657,1.0,0.3077976405620575,1.0,0.6722652316093445,0.9644088745117188,0.5141904950141907,0.9674266576766968,0.6734415292739868,1.0,0.4353371560573578,1.0,0.7158694267272949,0.8450709581375122,0.4879882931709289,0.8551843166351318,0.6388757824897766,0.8795471787452698,0.6269356608390808,0.8882440328598022
tired_64.jpg,tired,0.6090754270553589,0.6659701466560364,0.6647531390190125,0.5979187488555908,0.5542747378349304,0.5989543795585632,0.7329320311546326,0.6260800361633301,0.4787238240242004,0.6258099675178528,0.7826939821243286,0.8322091102600098,0.3845304548740387,0.8409481048583984,0.8421154022216797,1.0,0.3074255883693695,1.0,0.704181432723999,0.9636898040771484,0.515769362449646,0.9736059308052064,0.6739121079444885,1.0,0.4352635443210602,1.0,0.7323250770568848,0.8317019939422607,0.4941965043544769,0.8406452536582947,0.6573224663734436,0.875408411026001,0.6263294816017151,0.8789195418357849
tired_65.jpg,tired,0.6082966923713684,0.6683078408241272,0.6645044684410095,0.5987728834152222,0.5535016059875488,0.5992609262466431,0.7330288290977478,0.6238206624984741,0.4773115217685699,0.6225079894065857,0.7843226194381714,0.8329845070838928,0.3821769654750824,0.8398299217224121,0.8386017084121704,1.0,0.3061215579509735,1.0,0.679186224937439,0.9637184143066406,0.5160913467407227,0.9717938899993896,0.6741751432418823,1.0,0.4336537420749664,1.0,0.7279365062713623,0.8337064385414124,0.4921157956123352,0.8387183547019958,0.6503408551216125,0.876847505569458,0.6284312605857849,0.876951277256012
tired_66.jpg,tired,0.6081785559654236,0.6696196794509888,0.6644081473350525,0.6012551784515381,0.5536720156669617,0.6010456681251526,0.7324681282043457,0.6272203326225281,0.4771104753017425,0.6244260668754578,0.7840610146522522,0.832137405872345,0.3823336660861969,0.839012086391449,0.8405715823173523,1.0,0.3047813475131988,1.0,0.673497200012207,0.962669312953949,0.5130264163017273,0.9718798398971558,0.6767033338546753,1.0,0.4349715709686279,1.0,0.7332505583763123,0.8373460173606873,0.4915480613708496,0.8456220030784607,0.651325523853302,0.8769025802612305,0.6236135959625244,0.8824323415756226
tired_67.jpg,tired,0.6083157062530518,0.6672594547271729,0.6642650961875916,0.5990082621574402,0.5542964339256287,0.5987769961357117,0.7315694689750671,0.6235596537590027,0.4783609509468078,0.6203375458717346,0.7825064063072205,0.8285232782363892,0.3834252059459686,0.8363514542579651,0.8374971747398376,1.0,0.3062166571617126,1.0,0.6800710558891296,0.9612104296684264,0.5110283493995667,0.9701042175292968,0.6764740347862244,1.0,0.438137024641037,1.0,0.7221269607543945,0.8435043692588806,0.4924091398715973,0.8493306040763855,0.6407691836357117,0.8834421038627625,0.6300026774406433,0.8841590285301208
tired_68.jpg,tired,0.6080095171928406,0.6649826169013977,0.6651323437690735,0.5943270921707153,0.5527723431587219,0.5956167578697205,0.7346037030220032,0.6179953217506409,0.4770149290561676,0.6176638603210449,0.7829100489616394,0.8262118101119995,0.3842701613903045,0.8332452774047852,0.8348659873008728,1.0,0.3081786036491394,1.0,0.689596951007843,0.9583354592323304,0.5131015181541443,0.967939794063568,0.6725431084632874,1.0,0.4341557025909424,1.0,0.7166776061058044,0.8521080613136292,0.4891328811645508,0.8581575155258179,0.6475914716720581,0.8836830854415894,0.6311883330345154,0.8839660882949829
tired_69.jpg,tired,0.6090375781059265,0.6624965667724609,0.6658106446266174,0.5920227766036987,0.5531709790229797,0.595000147819519,0.7357204556465149,0.6179822683334351,0.4777545630931854,0.6212987303733826,0.7826830744743347,0.8265901207923889,0.3847260475158691,0.834980309009552,0.8366960883140564,1.0,0.3077242374420166,1.0,0.706941545009613,0.9565980434417723,0.5133764147758484,0.968262255191803,0.6670573353767395,1.0,0.4287664890289306,1.0,0.7161467671394348,0.8476213812828064,0.4867776036262512,0.8563775420188904,0.6546127200126648,0.8811889886856079,0.6288856863975525,0.8834443688392639
tired_70.jpg,tired,0.6075674891471863,0.6630235910415649,0.6644066572189331,0.5939999222755432,0.5540046691894531,0.5937293767929077,0.7329019904136658,0.6192305088043213,0.4798526763916015,0.6151946187019348,0.7814037203788757,0.8281208872795105,0.3837306201457977,0.8340687155723572,0.835162341594696,1.0,0.3089820444583893,1.0,0.7031062245368958,0.9462992548942566,0.5142163038253784,0.965644121170044,0.6714842319488525,1.0,0.4342265725135803,1.0,0.7177737355232239,0.8531524538993835,0.4866971969604492,0.8549800515174866,0.6509692072868347,0.8885624408721924,0.6282356977462769,0.8841307759284973
tired_71.jpg,tired,0.6076471209526062,0.6618562936782837,0.6649169921875,0.593073308467865,0.5533187389373779,0.5927776098251343,0.7336036562919617,0.6208043694496155,0.4777971804141998,0.6169435381889343,0.7823757529258728,0.8293299674987793,0.3834672272205353,0.8365663290023804,0.8361429572105408,1.0,0.3079791665077209,1.0,0.6890251040458679,0.9593660235404968,0.5120919346809387,0.9668991565704346,0.6742005944252014,1.0,0.43564373254776,1.0,0.7193706631660461,0.8505039215087891,0.4876179695129394,0.8561501502990723,0.6444463133811951,0.8837695717811584,0.6265541315078735,0.8850224018096924
tired_72.jpg,tired,0.6083313822746277,0.6658690571784973,0.6655324697494507,0.5945600867271423,0.5527486205101013,0.5959811806678772,0.7350987195968628,0.6190325617790222,0.4764395654201507,0.6191459894180298,0.7830906510353088,0.8290825486183167,0.3824830949306488,0.8375348448753357,0.8360345959663391,1.0,0.3075582087039947,1.0,0.68975830078125,0.9656378030776978,0.5144251585006714,0.9711391925811768,0.6705757975578308,1.0,0.4308636784553528,1.0,0.722775399684906,0.8421823382377625,0.4887029826641083,0.8493667244911194,0.6527524590492249,0.878743052482605,0.6268465518951416,0.8808689713478088
tired_73.jpg,tired,0.6057719588279724,0.6625067591667175,0.6636624336242676,0.5898426175117493,0.5505273342132568,0.5918522477149963,0.7355335354804993,0.6136082410812378,0.4765508770942688,0.6146062016487122,0.7841345071792603,0.8300431966781616,0.3844968974590301,0.8355306386947632,0.8362825512886047,1.0,0.3089941740036011,1.0,0.7033589482307434,0.9606219530105592,0.5135907530784607,0.969132959842682,0.6691280007362366,1.0,0.4306841790676117,1.0,0.7137255072593689,0.85040283203125,0.4824069440364837,0.8552901148796082,0.653664231300354,0.881495475769043,0.6232464909553528,0.8822281956672668
tired_74.jpg,tired,0.6058154106140137,0.6622816324234009,0.662859320640564,0.5904065370559692,0.5507106781005859,0.5931345224380493,0.7344202995300293,0.6145272850990295,0.4771228730678558,0.6175210475921631,0.7842265367507935,0.8314117789268494,0.3840874433517456,0.8383951783180237,0.8354054689407349,1.0,0.3092759847640991,1.0,0.6918806433677673,0.9603247046470642,0.516046941280365,0.9714954495429992,0.6660462617874146,1.0,0.4276893734931946,1.0,0.7114167213439941,0.8523743748664856,0.4836823642253876,0.8569624423980713,0.6490919589996338,0.8856145739555359,0.6270557641983032,0.8851189017295837
tired_75.jpg,tired,0.6065128445625305,0.6597519516944885,0.6655324101448059,0.589759349822998,0.5526496767997742,0.5876429677009583,0.736747682094574,0.6192485094070435,0.4779989421367645,0.6113623976707458,0.7850711345672607,0.8330948352813721,0.3844821155071258,0.8388210535049438,0.8358707427978516,1.0,0.3106373846530914,1.0,0.680534839630127,0.9506381154060364,0.5162574648857117,0.9658124446868896,0.6795777678489685,1.0,0.4388707280158996,1.0,0.7315906882286072,0.8431960940361023,0.4863840639591217,0.8489869832992554,0.654893159866333,0.8798116445541382,0.6170396208763123,0.886146605014801
tired_76.jpg,tired,0.5981978178024292,0.6936752796173096,0.6583123207092285,0.6259027123451233,0.5493115186691284,0.617402195930481,0.7307037711143494,0.6438670754432678,0.4789376258850097,0.621282160282135,0.780796229839325,0.8339217901229858,0.387996643781662,0.8323799967765808,0.841260552406311,1.0,0.3162507116794586,1.0,0.6848384141921997,0.9555487632751464,0.511806309223175,0.962411105632782,0.6873584985733032,1.0,0.4524272084236145,1.0,0.7320258021354675,0.8539039492607117,0.4949939846992492,0.8486286401748657,0.6374154686927795,0.8840678334236145,0.6237600445747375,0.8804342150688171
tired_77.jpg,tired,0.5924991965293884,0.6849016547203064,0.6529603600502014,0.622657835483551,0.5449367165565491,0.6155549883842468,0.7297603487968445,0.6537554860115051,0.4779485762119293,0.6337552070617676,0.7826469540596008,0.8342291116714478,0.3919767141342163,0.8358954787254333,0.8349682092666626,1.0,0.3149345517158508,1.0,0.6389555931091309,0.9660398364067078,0.5116371512413025,0.96798175573349,0.6937994956970215,1.0,0.4581860601902008,1.0,0.7224327325820923,0.8296435475349426,0.4930740296840668,0.8337708115577698,0.6194927096366882,0.8684329390525818,0.6349302530288696,0.8777137398719788
tired_78.jpg,tired,0.5984833240509033,0.6991521120071411,0.6565737128257751,0.632928729057312,0.5523492693901062,0.6263459920883179,0.730336606502533,0.6420409083366394,0.4865637719631195,0.6233328580856323,0.7850596904754639,0.8277454972267151,0.3891984522342682,0.8256322741508484,0.8323243260383606,1.0,0.3143380284309387,1.0,0.6526145339012146,0.963975429534912,0.5126308798789978,0.9673448801040648,0.6815508008003235,1.0,0.4491775035858154,1.0,0.7018300890922546,0.8593873977661133,0.4953018724918365,0.8436193466186523,0.6127017736434937,0.8987908959388733,0.6572259068489075,0.8774905204772949
tired_79.jpg,tired,0.6005905270576477,0.6909599900245667,0.6609472632408142,0.6215406060218811,0.5491466522216797,0.618956446647644,0.737930953502655,0.6436695456504822,0.4794621467590332,0.6337698698043823,0.7820103168487549,0.8331419229507446,0.3904758393764496,0.8339188098907471,0.8343351483345032,1.0,0.3158557713031769,1.0,0.6944280862808228,0.965283215045929,0.5146474838256836,0.9654722809791564,0.6710485219955444,1.0,0.4354566037654876,1.0,0.7245909571647644,0.8480789065361023,0.490079402923584,0.8471565842628479,0.6552535891532898,0.8820628523826599,0.6303990483283997,0.8780370354652405
tired_80.jpg,tired,0.5991589426994324,0.6880619525909424,0.6613577008247375,0.6189901232719421,0.5460911989212036,0.6144521832466125,0.7378994822502136,0.647208034992218,0.4727115631103515,0.6333391070365906,0.7809224128723145,0.8350628614425659,0.3884523808956146,0.8360517024993896,0.8353500366210938,1.0,0.3175180852413177,1.0,0.6719217300415039,0.9627624750137328,0.5154824256896973,0.9677170515060424,0.6790335774421692,1.0,0.44138965010643,1.0,0.7359822392463684,0.826988697052002,0.4965351223945617,0.834304690361023,0.6518098711967468,0.8635672330856323,0.6278182864189148,0.8760714530944824
tired_81.jpg,tired,0.5989575982093811,0.6848054528236389,0.6614327430725098,0.6160531044006348,0.5463940501213074,0.6103613972663879,0.7369365096092224,0.6449180245399475,0.4730108380317688,0.6280643343925476,0.7796584367752075,0.8358556628227234,0.3869836628437042,0.83587646484375,0.8381997346878052,1.0,0.3161704242229461,1.0,0.6896430850028992,0.9687037467956544,0.5127037167549133,0.9657646417617798,0.6782288551330566,1.0,0.4419836103916168,1.0,0.7294208407402039,0.837745726108551,0.49448361992836,0.8426542282104492,0.6431069374084473,0.8702670335769653,0.6268479824066162,0.8793603777885437
tired_82.jpg,tired,0.6005734801292419,0.6845787167549133,0.6621639132499695,0.6160416007041931,0.547315776348114,0.61238694190979,0.7383367419242859,0.6456032395362854,0.4741787016391754,0.6338426470756531,0.7806610465049744,0.8348789811134338,0.3904164731502533,0.8370355367660522,0.8331953883171082,1.0,0.3183437883853912,1.0,0.669087827205658,0.9653980135917664,0.517450749874115,0.9679499864578248,0.6768820881843567,1.0,0.4402735233306885,1.0,0.7320822477340698,0.8341189622879028,0.4950544536113739,0.8435685038566589,0.6468595862388611,0.8649818897247314,0.6241759061813354,0.878947377204895
tired_83.jpg,tired,0.6013837456703186,0.6879549622535706,0.6616095304489136,0.6188870072364807,0.5498918890953064,0.6145154237747192,0.7364561557769775,0.6411970853805542,0.4782948195934295,0.6280149817466736,0.7831427454948425,0.8340976238250732,0.3893877863883972,0.8340669274330139,0.8350669741630554,1.0,0.3158626854419708,1.0,0.6663956642150879,0.9621561169624328,0.5188071131706238,0.9653807878494264,0.6794587969779968,1.0,0.4414819180965423,1.0,0.7333642244338989,0.8437427878379822,0.491993099451065,0.8462238311767578,0.6504561305046082,0.8756686449050903,0.6234738826751709,0.880014955997467
tired_84.jpg,tired,0.6008120775222778,0.6929774284362793,0.6590636968612671,0.6308696866035461,0.5539392828941345,0.6215193867683411,0.7294483184814453,0.6508265733718872,0.4849886000156402,0.6264775395393372,0.7811620831489563,0.8301811814308167,0.3902997672557831,0.8269782066345215,0.8378996849060059,1.0,0.3161399066448211,1.0,0.6703609824180603,0.957244038581848,0.5154824256896973,0.963399350643158,0.6869988441467285,1.0,0.4557717442512512,1.0,0.7164201140403748,0.8507897853851318,0.5042118430137634,0.8389981985092163,0.6101989150047302,0.8904671669006348,0.6499228477478027,0.8744652271270752
tired_85.jpg,tired,0.6030818223953247,0.6909381747245789,0.6619924902915955,0.6232291460037231,0.5515410304069519,0.619280219078064,0.7334250211715698,0.6428744196891785,0.4789864718914032,0.6302152276039124,0.7776510119438171,0.8268086910247803,0.3899836540222168,0.8304105401039124,0.8315496444702148,1.0,0.3159657120704651,1.0,0.6826930642127991,0.954564094543457,0.51324063539505,0.9632903337478638,0.6792126297950745,1.0,0.447077989578247,1.0,0.7227784991264343,0.853556752204895,0.5007347464561462,0.8550800085067749,0.6413413286209106,0.8829854726791382,0.6415842175483704,0.8803830742835999
tired_86.jpg,tired,0.6050904393196106,0.686939001083374,0.6635613441467285,0.6186086535453796,0.552037239074707,0.6158879995346069,0.7349867820739746,0.6413138508796692,0.4777131080627441,0.6323161721229553,0.7815501093864441,0.8327304720878601,0.3881641328334808,0.8363820910453796,0.8357126116752625,1.0,0.3141172528266907,1.0,0.6713322997093201,0.965079665184021,0.5159457325935364,0.966272234916687,0.677726686000824,1.0,0.441298633813858,1.0,0.7300814986228943,0.8466587066650391,0.4992371201515198,0.8494540452957153,0.6462045907974243,0.8793070912361145,0.6347726583480835,0.8786013722419739
tired_87.jpg,tired,0.6028540134429932,0.6866582632064819,0.6616512537002563,0.6193318963050842,0.5513569116592407,0.6165483593940735,0.7350206971168518,0.6433250308036804,0.4798260629177093,0.6336077451705933,0.7815831899642944,0.8342679142951965,0.3889636695384979,0.8371639847755432,0.8326234221458435,1.0,0.3133469521999359,1.0,0.6647496223449707,0.9665088057518004,0.517150342464447,0.9690819382667542,0.6744246482849121,1.0,0.4389618933200836,1.0,0.7213423848152161,0.8426575660705566,0.4942359030246734,0.8452185988426208,0.6391717195510864,0.8771549463272095,0.6360593438148499,0.8774629235267639
tired_88.jpg,tired,0.6031336188316345,0.6857216358184814,0.661383330821991,0.617675244808197,0.5512287020683289,0.6156966686248779,0.7346695065498352,0.6399939656257629,0.4800328314304352,0.6322705745697021,0.7813020944595337,0.8321120738983154,0.3910258710384369,0.8350852727890015,0.8326148986816406,1.0,0.3144083023071289,1.0,0.6764465570449829,0.9650571942329408,0.516147792339325,0.9682002067565918,0.6751224398612976,1.0,0.440479427576065,1.0,0.7229375243186951,0.8476693034172058,0.4928844571113586,0.850364089012146,0.6440011262893677,0.8810233473777771,0.6290234327316284,0.8802973628044128
tired_89.jpg,tired,0.6023895144462585,0.686271071434021,0.6608547568321228,0.6177051663398743,0.5509505271911621,0.6149384379386902,0.7342426180839539,0.6395735740661621,0.4796788394451141,0.6302657127380371,0.7829594016075134,0.8358260989189148,0.3873462975025177,0.8369045853614807,0.8340646028518677,1.0,0.3129272162914276,1.0,0.6632887125015259,0.9702386856079102,0.5202288031578064,0.9693636894226074,0.6736477017402649,1.0,0.4351842999458313,1.0,0.7301182150840759,0.8440112471580505,0.4900507628917694,0.8450459241867065,0.6500301361083984,0.880189836025238,0.6246697306632996,0.8800373673439026
tired_90.jpg,tired,0.6037454605102539,0.6881482601165771,0.6625649333000183,0.6179803609848022,0.55075603723526,0.6164036989212036,0.7355154752731323,0.6386426091194153,0.4780292212963104,0.6315997242927551,0.7795204520225525,0.8333287835121155,0.3886651396751404,0.837897777557373,0.8331646919250488,1.0,0.3132895529270172,1.0,0.6884241700172424,0.961360514163971,0.5148094892501831,0.9644840359687804,0.6713470816612244,1.0,0.4369170665740967,1.0,0.7230494618415833,0.853355884552002,0.4934969842433929,0.8573185801506042,0.6480266451835632,0.882166862487793,0.6290581226348877,0.8821703195571899
tired_91.jpg,tired,0.6027172207832336,0.683563232421875,0.6618235111236572,0.6137277483940125,0.5491761565208435,0.6132901906967163,0.7365045547485352,0.6388570070266724,0.4766176640987396,0.6346632838249207,0.781989336013794,0.8354374766349792,0.3898607790470123,0.8400290012359619,0.8336037993431091,1.0,0.3151922821998596,1.0,0.668566882610321,0.964562714099884,0.5174010396003723,0.9672027230262756,0.6727829575538635,1.0,0.4354835450649261,1.0,0.7301628589630127,0.8373951315879822,0.4914694726467132,0.8469476699829102,0.6574150919914246,0.8696845173835754,0.6250235438346863,0.8800602555274963
tired_92.jpg,tired,0.6000611186027527,0.6878085136413574,0.6601426601409912,0.6202312707901001,0.5493329167366028,0.6151515245437622,0.7347344756126404,0.6448018550872803,0.4781808853149414,0.6300677061080933,0.782302975654602,0.8360100388526917,0.388812392950058,0.8376457691192627,0.8358368873596191,1.0,0.3148062825202942,1.0,0.6601724028587341,0.968437910079956,0.5160223841667175,0.971143126487732,0.6811886429786682,1.0,0.4441743791103363,1.0,0.7332072257995605,0.8396667242050171,0.4964636862277984,0.843231737613678,0.6441299319267273,0.874199628829956,0.6304344534873962,0.8800939321517944
tired_93.jpg,tired,0.5994113683700562,0.6832075715065002,0.6591471433639526,0.6177943348884583,0.5486708283424377,0.6132518649101257,0.7335953116416931,0.6481751203536987,0.477671355009079,0.6344591975212097,0.7806942462921143,0.8376665115356445,0.3892285823822021,0.8423343896865845,0.8330968022346497,1.0,0.3136773109436035,1.0,0.6524803042411804,0.9662435054779052,0.5174018740653992,0.9713342785835266,0.6825464367866516,1.0,0.44602832198143,1.0,0.732125461101532,0.8310886025428772,0.4951916337013244,0.8406420946121216,0.6395384669303894,0.8667489886283875,0.6287354230880737,0.8798860907554626
tired_94.jpg,tired,0.6000516414642334,0.6873481869697571,0.6609140038490295,0.618690550327301,0.5487077832221985,0.6148943305015564,0.7373703122138977,0.645571768283844,0.4776729643344879,0.6330341696739197,0.7819918990135193,0.8374291062355042,0.3881783783435821,0.8408111929893494,0.8330121040344238,1.0,0.3128796517848968,1.0,0.6678224802017212,0.965014100074768,0.5181695818901062,0.9695634245872498,0.679000198841095,1.0,0.4397901594638824,1.0,0.737238347530365,0.8332473039627075,0.4867293834686279,0.8414230942726135,0.659543514251709,0.8686989545822144,0.6189989447593689,0.8798725605010986
tired_95.jpg,tired,0.5993794798851013,0.6864967942237854,0.659194827079773,0.6208668947219849,0.5490905046463013,0.6159074902534485,0.7339960932731628,0.6509398221969604,0.4787619709968567,0.6362808346748352,0.780716061592102,0.8416240215301514,0.3894394934177398,0.8427419066429138,0.8394472002983093,1.0,0.3134081959724426,1.0,0.6760112643241882,0.967801570892334,0.5163626074790955,0.9674625396728516,0.6792917847633362,1.0,0.4423658847808838,1.0,0.7377094626426697,0.8344162702560425,0.4914241731166839,0.8414327502250671,0.6524192690849304,0.866746187210083,0.620538055896759,0.8773684501647949
tired_96.jpg,tired,0.5969814658164978,0.6823961734771729,0.6588690876960754,0.6151062846183777,0.5461389422416687,0.6099794507026672,0.7364116907119751,0.6458533406257629,0.4756269454956054,0.6302651166915894,0.7824912071228027,0.8371518850326538,0.3893330991268158,0.8381882905960083,0.8370622992515564,1.0,0.3135666251182556,1.0,0.6656153798103333,0.9686654210090636,0.5133733153343201,0.9678433537483216,0.6827057600021362,1.0,0.4448530673980713,1.0,0.7306429147720337,0.8307934403419495,0.4887155592441559,0.8396025896072388,0.6451480388641357,0.8632198572158813,0.622610867023468,0.8785738945007324
tired_97.jpg,tired,0.6028150916099548,0.6848472356796265,0.6628192067146301,0.6176223158836365,0.5500669479370117,0.614289402961731,0.7362580299377441,0.6467883586883545,0.4763914048671722,0.6358321309089661,0.7805303931236267,0.8365535736083984,0.3894857168197632,0.8393370509147644,0.8366081118583679,1.0,0.3151995837688446,1.0,0.6705610156059265,0.9736196398735046,0.5156666040420532,0.9652560949325562,0.6780414581298828,1.0,0.4418073296546936,1.0,0.7315343618392944,0.8306643962860107,0.4957342743873596,0.8405005931854248,0.6470011472702026,0.8656691312789917,0.6288651823997498,0.8780452013015747
tired_98.jpg,tired,0.5987512469291687,0.69068443775177,0.6588963866233826,0.6232324838638306,0.5486921668052673,0.6184050440788269,0.7347730994224548,0.6441465020179749,0.4792945981025696,0.62933748960495,0.7830066680908203,0.8302902579307556,0.390521764755249,0.8305979371070862,0.835873544216156,1.0,0.3158243894577026,1.0,0.6782633662223816,0.9647230505943298,0.5155995488166809,0.9701718091964722,0.6816897392272949,1.0,0.4475981891155243,1.0,0.7170082926750183,0.8429414629936218,0.4962765872478485,0.8400110006332397,0.6315129995346069,0.8803839683532715,0.6425653696060181,0.8748941421508789
tired_99.jpg,tired,0.5935763716697693,0.6843271851539612,0.6556705236434937,0.6214481592178345,0.5466155409812927,0.6122251152992249,0.7337126731872559,0.6530164480209351,0.4797634780406952,0.6278602480888367,0.7832136750221252,0.8374159336090088,0.3904719054698944,0.8332847356796265,0.8410705924034119,1.0,0.3140420317649841,1.0,0.6710828542709351,0.970764696598053,0.5131292343139648,0.9659733176231384,0.6867150068283081,1.0,0.4506144523620605,1.0,0.7211736440658569,0.8396581411361694,0.488154798746109,0.84000164270401,0.6193015575408936,0.8761424422264099,0.6260278820991516,0.882862389087677
tired_100.jpg,tired,0.5961309671401978,0.6853988766670227,0.6566559076309204,0.6218182444572449,0.5487106442451477,0.6140837073326111,0.7330124974250793,0.6498453617095947,0.4817321002483368,0.6283308863639832,0.782719075679779,0.83384770154953,0.3904201686382293,0.8334583044052124,0.8366569876670837,1.0,0.3135408759117126,1.0,0.674317479133606,0.9671759605407716,0.513011634349823,0.969209849834442,0.685835063457489,1.0,0.4506189525127411,1.0,0.7236377596855164,0.8385666608810425,0.4920852780342102,0.8353372812271118,0.6266111731529236,0.8795546889305115,0.6321101784706116,0.8765655755996704
tired_101.jpg,tired,0.5920451283454895,0.6868140697479248,0.6532620787620544,0.6262871623039246,0.5487104058265686,0.6158248782157898,0.7316550016403198,0.6559162735939026,0.4860015511512756,0.6273115277290344,0.781432032585144,0.8350569605827332,0.3914383351802826,0.8302881121635437,0.836582362651825,1.0,0.3132289052009582,1.0,0.6683172583580017,0.95000159740448,0.5142742991447449,0.967033863067627,0.6850847601890564,1.0,0.4508975446224212,1.0,0.7194836735725403,0.8432837724685669,0.4869888424873352,0.8389807939529419,0.6251149773597717,0.8781000971794128,0.6345138549804688,0.878358781337738
tired_102.jpg,tired,0.6015921235084534,0.68741375207901,0.6622158885002136,0.6187088489532471,0.5499361157417297,0.6129317283630371,0.7360077500343323,0.6443585753440857,0.4768049716949463,0.6280382871627808,0.7810290455818176,0.8364958763122559,0.3882035315036773,0.8381911516189575,0.8409395217895508,1.0,0.3141135275363922,1.0,0.6814061403274536,0.9694403409957886,0.5164450407028198,0.9694201946258544,0.6823412775993347,1.0,0.4440000653266907,1.0,0.7456781268119812,0.8316690921783447,0.4926055073738098,0.8411467671394348,0.6557514071464539,0.8661434650421143,0.610000729560852,0.8813835382461548
tired_103.jpg,tired,0.5995399951934814,0.6871026754379272,0.6599793434143066,0.6173682808876038,0.5492469668388367,0.6106141209602356,0.7334024310112,0.6406425833702087,0.476809024810791,0.6219624280929565,0.7837225794792175,0.8440061211585999,0.3820403218269348,0.8475157618522644,0.8445188403129578,1.0,0.3066640496253967,1.0,0.669588565826416,0.9686182141304016,0.5170499086380005,0.9717401266098022,0.6872891783714294,1.0,0.4462288916110992,1.0,0.742175281047821,0.8292312622070312,0.4888075888156891,0.8383447527885437,0.647321343421936,0.8691049218177795,0.61287921667099,0.8859313130378723
tired_104.jpg,tired,0.5976629257202148,0.6829431056976318,0.6586819887161255,0.6147772073745728,0.5461834073066711,0.607801079750061,0.7317986488342285,0.6444287300109863,0.4724887907505035,0.6254379153251648,0.7804149985313416,0.8441481590270996,0.3833731114864349,0.8481855988502502,0.8395699858665466,1.0,0.3107506036758423,1.0,0.6664335131645203,0.9578551650047302,0.5158940553665161,0.97163325548172,0.6917353868484497,1.0,0.4522566795349121,1.0,0.7450538873672485,0.8290731310844421,0.4940040707588196,0.8391606211662292,0.6497673392295837,0.865290105342865,0.6170122623443604,0.8833032250404358
tired_105.jpg,tired,0.5983534455299377,0.6813207268714905,0.6575915217399597,0.6165106892585754,0.5504213571548462,0.6104005575180054,0.7307511568069458,0.6439957022666931,0.4814974963665008,0.626209557056427,0.7828547358512878,0.8385032415390015,0.3869360387325287,0.8424646854400635,0.839264988899231,1.0,0.3133182227611542,1.0,0.6528546214103699,0.9623059034347534,0.519149899482727,0.9700424671173096,0.6868461966514587,1.0,0.4487459361553192,1.0,0.729475200176239,0.8363800048828125,0.4877811372280121,0.8422778248786926,0.6415688395500183,0.8772594928741455,0.6301448345184326,0.8880067467689514
tired_106.jpg,tired,0.5979880690574646,0.6807297468185425,0.6563010811805725,0.6171106696128845,0.5505740642547607,0.611396074295044,0.7297855019569397,0.6468633413314819,0.4827434122562408,0.6303044557571411,0.784040629863739,0.8416386842727661,0.386310875415802,0.8461945056915283,0.845319390296936,1.0,0.3089116513729095,1.0,0.6636395454406738,0.9664114713668824,0.5186619162559509,0.9729087948799132,0.6861993074417114,1.0,0.4463868141174316,1.0,0.7385989427566528,0.825246274471283,0.4871649742126465,0.8333768844604492,0.6489619016647339,0.8695241808891296,0.6231266856193542,0.8828688263893127
tired_107.jpg,tired,0.5939909815788269,0.6861002445220947,0.6539367437362671,0.6237227320671082,0.5491835474967957,0.6141886711120605,0.7288460731506348,0.6484320163726807,0.4838705062866211,0.6224570274353027,0.7800753712654114,0.8328024744987488,0.3892503976821899,0.8332998156547546,0.8353363871574402,1.0,0.3129540383815765,1.0,0.6573173999786377,0.9607118368148804,0.5171411633491516,0.9692988991737366,0.6882402300834656,1.0,0.4551452696323395,1.0,0.7170943021774292,0.8439907431602478,0.4922482967376709,0.844005823135376,0.613629162311554,0.8817446827888489,0.6369231939315796,0.8854420185089111
tired_108.jpg,tired,0.6004370450973511,0.6864230036735535,0.6597480177879333,0.6183915138244629,0.5501680970191956,0.6155648231506348,0.7349850535392761,0.641478419303894,0.4805641174316406,0.6310318112373352,0.78062903881073,0.8331283926963806,0.3888945579528808,0.8386055827140808,0.8317508697509766,1.0,0.3103215396404266,1.0,0.6655845046043396,0.952541172504425,0.5223897099494934,0.9702007174491882,0.6777075529098511,1.0,0.4412799775600433,1.0,0.7260491251945496,0.8445253372192383,0.4891071915626526,0.8563055992126465,0.6496807932853699,0.8687663078308105,0.628219723701477,0.8822556138038635
tired_109.jpg,tired,0.5919227004051208,0.6995569467544556,0.6524779200553894,0.6354219913482666,0.5461006164550781,0.6254026889801025,0.7274639010429382,0.6551672220230103,0.4794414937496185,0.628515899181366,0.7771896719932556,0.832557737827301,0.3847364485263824,0.8281309008598328,0.8355733156204224,1.0,0.3125900328159332,1.0,0.668025016784668,0.9516672492027284,0.5172951817512512,0.9652000665664672,0.6805394291877747,1.0,0.4446351230144501,1.0,0.7292035818099976,0.8441934585571289,0.4899854660034179,0.8381497859954834,0.6349233388900757,0.8793931603431702,0.6283226609230042,0.8765547871589661
tired_110.jpg,tired,0.6118623614311218,0.7195015549659729,0.6596412062644958,0.659334659576416,0.5658521056175232,0.6560660600662231,0.7190870642662048,0.6516108512878418,0.495627611875534,0.6424127221107483,0.7817656397819519,0.8083289861679077,0.3847066760063171,0.8071513772010803,0.8207088708877563,1.0,0.3101089894771576,1.0,0.6518614888191223,0.9334625601768494,0.5140222907066345,0.9618505239486694,0.6795358061790466,1.0,0.4516499936580658,1.0,0.6880332231521606,0.849472165107727,0.5181821584701538,0.8047904372215271,0.610555112361908,0.8995147347450256,0.715084969997406,0.8180126547813416
tired_111.jpg,tired,0.6130563616752625,0.7294053435325623,0.6557254195213318,0.6780334711074829,0.5748343467712402,0.674234926700592,0.7108871936798096,0.6629162430763245,0.5131599307060242,0.6512860059738159,0.7855262756347656,0.7935327291488647,0.3816699981689453,0.7907236218452454,0.8149858713150024,1.0,0.3080390095710754,1.0,0.6178381443023682,0.9461682438850404,0.5219952464103699,0.962432861328125,0.6781627535820007,1.0,0.4465025067329407,1.0,0.6823546290397644,0.8488049507141113,0.515582799911499,0.7839183807373047,0.6200979351997375,0.8990969061851501,0.7572908401489258,0.7845184803009033
tired_112.jpg,tired,0.6133350729942322,0.7246135473251343,0.6616641879081726,0.6667729616165161,0.5691971182823181,0.6621352434158325,0.7221576571464539,0.6589120030403137,0.5001513361930847,0.6459198594093323,0.7886282205581665,0.8090469241142273,0.3821700811386108,0.798625111579895,0.836094856262207,1.0,0.3094546496868133,1.0,0.6565679907798767,0.953042447566986,0.5255672931671143,0.961194634437561,0.6779810786247253,1.0,0.4442582726478576,1.0,0.6910943388938904,0.8330947756767273,0.5186159014701843,0.7887360453605652,0.6152274012565613,0.882207989692688,0.7295264601707458,0.8068447113037109
tired_113.jpg,tired,0.598114550113678,0.7373974919319153,0.655339241027832,0.6719456911087036,0.5513706803321838,0.667632520198822,0.7314605116844177,0.6661685705184937,0.4847598671913147,0.6520573496818542,0.7883060574531555,0.8147068619728088,0.3845239579677582,0.8043956160545349,0.8371456265449524,1.0,0.3093195855617523,1.0,0.6619473695755005,0.9709964990615844,0.5214924812316895,0.964992344379425,0.6769924759864807,1.0,0.4410974681377411,1.0,0.6906511187553406,0.8233283758163452,0.5056985020637512,0.8020821213722229,0.6135775446891785,0.8534757494926453,0.7009202241897583,0.820243775844574
tired_114.jpg,tired,0.6116556525230408,0.7698041796684265,0.6622353792190552,0.7103337049484253,0.5661055445671082,0.702992856502533,0.7233237624168396,0.684700071811676,0.4918034970760345,0.6648268699645996,0.7844168543815613,0.8010535836219788,0.3787640035152435,0.789414644241333,0.8304907083511353,1.0,0.3094852566719055,1.0,0.6456082463264465,0.9633983969688416,0.5230163931846619,0.9671671390533448,0.692218005657196,1.0,0.4582726657390594,1.0,0.6966365575790405,0.8256604075431824,0.5291323065757751,0.7897469997406006,0.6133067607879639,0.8541681170463562,0.7447361350059509,0.7928933501243591
tired_115.jpg,tired,0.5975529551506042,0.7607568502426147,0.6506075263023376,0.7004693746566772,0.5542234778404236,0.6961378455162048,0.7223760485649109,0.6723382472991943,0.4911885261535644,0.6578435897827148,0.7851694226264954,0.7945385575294495,0.3857506811618805,0.7831495404243469,0.8154204487800598,1.0,0.3126580417156219,1.0,0.61385577917099,0.9604923725128174,0.5198766589164734,0.961981236934662,0.6775222420692444,1.0,0.4505953788757324,1.0,0.6405725479125977,0.8613463640213013,0.5151602625846863,0.8272706866264343,0.5546700954437256,0.8698421716690063,0.7506759166717529,0.8162691593170166
tired_116.jpg,tired,0.5879554748535156,0.7462892532348633,0.6445688605308533,0.6876327991485596,0.5487692356109619,0.6794687509536743,0.726437509059906,0.6758505702018738,0.4931116104125976,0.6519654989242554,0.7905386090278625,0.8070300221443176,0.3864550292491913,0.7854254245758057,0.8228611350059509,1.0,0.3100161850452423,1.0,0.6350242495536804,0.9693378210067748,0.5224003791809082,0.9667840600013732,0.6745691895484924,1.0,0.4452221393585205,1.0,0.6456234455108643,0.838209867477417,0.5122140049934387,0.7907598614692688,0.5527911186218262,0.8563651442527771,0.7457756400108337,0.7911341786384583
tired_117.jpg,tired,0.5807659029960632,0.764146089553833,0.6392034292221069,0.7062057852745056,0.544848620891571,0.6959973573684692,0.7273266911506653,0.6902152299880981,0.4940739274024963,0.6606724262237549,0.7913396954536438,0.8079680800437927,0.3888139426708221,0.7859559655189514,0.8253612518310547,1.0,0.3095388114452362,1.0,0.647544801235199,0.9683074355125428,0.5167737603187561,0.9646691679954528,0.6796926856040955,1.0,0.4525926113128662,0.9941663146018982,0.6407759189605713,0.8339320421218872,0.5138074159622192,0.7868254780769348,0.54258793592453,0.8475322127342224,0.7527967691421509,0.7864840626716614
tired_118.jpg,tired,0.5947425365447998,0.759922981262207,0.6506333947181702,0.706891655921936,0.5557575225830078,0.6913080811500549,0.7287811636924744,0.701435387134552,0.494772732257843,0.6644295454025269,0.8063206076622009,0.8194466233253479,0.3793265223503113,0.7805938720703125,0.8502345085144043,1.0,0.3048081994056701,1.0,0.6337507367134094,0.965963900089264,0.5366162657737732,0.9720029234886168,0.6808316111564636,0.9964845776557922,0.434714138507843,0.9737673997879028,0.6837062239646912,0.8127671480178833,0.5103374123573303,0.7351155877113342,0.5435601472854614,0.8601920008659363,0.7078649401664734,0.7588909268379211
tired_119.jpg,tired,0.5915977358818054,0.7472817897796631,0.6510862708091736,0.6930845975875854,0.5526819825172424,0.6752103567123413,0.7322043180465698,0.6986672282218933,0.4916799664497375,0.6555463075637817,0.8029071688652039,0.8310481905937195,0.3808804452419281,0.7894599437713623,0.8486720323562622,1.0,0.3129640519618988,1.0,0.6460846066474915,0.9710408449172974,0.5327582955360413,0.9717236161231996,0.6782770156860352,0.9991613030433656,0.436841070652008,0.9752599596977234,0.6792786121368408,0.8200628161430359,0.5150780081748962,0.741054892539978,0.5439895987510681,0.8649470806121826,0.7156867980957031,0.7669501304626465
tired_120.jpg,tired,0.5777124762535095,0.741824746131897,0.6387953162193298,0.6907570958137512,0.5442107915878296,0.6690118908882141,0.72673499584198,0.6998186111450195,0.4904048442840576,0.647445023059845,0.8041200637817383,0.828813910484314,0.3786636292934418,0.7822189927101135,0.8507663607597351,1.0,0.3150292038917541,1.0,0.6313460469245911,0.9669469594955444,0.5362979769706726,0.9701066613197328,0.6819682717323303,1.0,0.4369001984596252,0.9782438278198242,0.6813982725143433,0.8218287229537964,0.5070685148239136,0.7377921938896179,0.5364265441894531,0.866494357585907,0.7091208696365356,0.7701742053031921
tired_121.jpg,tired,0.5873349905014038,0.7310900688171387,0.6471943855285645,0.6811807751655579,0.5504018664360046,0.6586861610412598,0.7267577648162842,0.6944913864135742,0.4901797473430633,0.6420512795448303,0.8001382946968079,0.8261616826057434,0.3807107806205749,0.7806646227836609,0.8429590463638306,1.0,0.3158417642116546,1.0,0.6172516345977783,0.9673247337341307,0.5306007266044617,0.9712507724761964,0.6856407523155212,1.0,0.4425565898418426,0.9838431477546692,0.6928539872169495,0.822342574596405,0.5144001841545105,0.7377479672431946,0.5373989343643188,0.874155580997467,0.6998318433761597,0.7737606167793274
tired_122.jpg,tired,0.5743514895439148,0.7358313202857971,0.6337031722068787,0.686397135257721,0.5419549345970154,0.6651531457901001,0.7202081084251404,0.6940848231315613,0.4903260171413421,0.6433552503585815,0.7995367050170898,0.8226340413093567,0.3833656907081604,0.7789562344551086,0.8472498059272766,1.0,0.3177435100078583,1.0,0.6189704537391663,0.9680116772651672,0.5294591188430786,0.969841718673706,0.6827103495597839,1.0,0.4438388049602508,0.9853490591049194,0.6719701886177063,0.8270305395126343,0.5103409886360168,0.747485339641571,0.516995906829834,0.8705989122390747,0.7063661217689514,0.7806327939033508
tired_123.jpg,tired,0.5760971307754517,0.7386377453804016,0.6316543817520142,0.6897115707397461,0.5437332391738892,0.67186439037323,0.7159110307693481,0.6927101612091064,0.4937237203121185,0.6504760980606079,0.7977114915847778,0.8185383677482605,0.385730892419815,0.7786278128623962,0.8398775458335876,1.0,0.3149820864200592,1.0,0.6099004149436951,0.9640771746635436,0.5307452082633972,0.968252182006836,0.6789286732673645,1.0,0.4423652589321136,0.9767680168151855,0.6712970733642578,0.8168451189994812,0.5111891627311707,0.7372299432754517,0.5207842588424683,0.8651373982429504,0.7047790884971619,0.7690426111221313
tired_124.jpg,tired,0.5738808512687683,0.7546602487564087,0.6269363164901733,0.7076194286346436,0.5458163619041443,0.6913367509841919,0.7134832143783569,0.7029393315315247,0.5014791488647461,0.6631069183349609,0.8068065643310547,0.8145685195922852,0.378246009349823,0.7802689671516418,0.8541561365127563,1.0,0.3017820715904236,1.0,0.6255452036857605,0.9602231979370116,0.5325465798377991,0.9640986919403076,0.6799252033233643,0.986244261264801,0.434305191040039,0.9610467553138732,0.6739293336868286,0.8142670392990112,0.498770922422409,0.7280904650688171,0.534079372882843,0.861207127571106,0.7124688029289246,0.7508131861686707
tired_125.jpg,tired,0.5806453227996826,0.7509749531745911,0.6271552443504333,0.7102718949317932,0.5557360649108887,0.6925023794174194,0.6994696855545044,0.6970250010490417,0.5120571255683899,0.6550255417823792,0.8028696179389954,0.805030107498169,0.3737621903419494,0.7663404941558838,0.8542934656143188,1.0,0.3031386733055115,1.0,0.6192096471786499,0.9614518880844116,0.5358758568763733,0.965607225894928,0.6823661923408508,0.9867494702339172,0.438463419675827,0.9592907428741456,0.6840740442276001,0.8060399889945984,0.5075350403785706,0.7032532691955566,0.5586788058280945,0.8759971857070923,0.7413645386695862,0.7405879497528076
tired_126.jpg,tired,0.6004338264465332,0.78070467710495,0.6536094546318054,0.729130744934082,0.5616683959960938,0.7107889652252197,0.7244910001754761,0.7078422904014587,0.4989473521709442,0.6660964488983154,0.8148054480552673,0.8051992058753967,0.3710251748561859,0.7691704034805298,0.8516986966133118,1.0,0.3062103688716888,1.0,0.6512119174003601,0.9639029502868652,0.535535991191864,0.970270037651062,0.6935001015663147,0.9686232805252076,0.4397876858711242,0.9419472217559814,0.694367527961731,0.8360251188278198,0.4999712407588959,0.7244170308113098,0.5522542595863342,0.92982017993927,0.6952046751976013,0.77962726354599
tired_127.jpg,tired,0.5972481369972229,0.7502179741859436,0.6455705761909485,0.7068231105804443,0.5647682547569275,0.6907791495323181,0.7167325019836426,0.7030463218688965,0.5123034119606018,0.6656802296638489,0.8197299838066101,0.8053770661354065,0.3759915828704834,0.7732697129249573,0.8640889525413513,1.0,0.3066993057727813,1.0,0.6788291931152344,0.9634815454483032,0.5385169386863708,0.9663684368133544,0.6961976885795593,0.9719579219818116,0.4439872801303863,0.944124162197113,0.6904444098472595,0.8371820449829102,0.5069917440414429,0.7079875469207764,0.561130940914154,0.9371046423912048,0.7337468266487122,0.750407338142395
tired_128.jpg,tired,0.5883881449699402,0.7543662190437317,0.6342799663543701,0.7143273949623108,0.561198890209198,0.697055995464325,0.7039105296134949,0.7078282237052917,0.5142155289649963,0.6678224205970764,0.8048759698867798,0.8120170831680298,0.3782287240028381,0.7732741236686707,0.8557764291763306,1.0,0.3080319464206695,1.0,0.6319889426231384,0.9419547319412231,0.5357111692428589,0.963583528995514,0.6807960867881775,0.967255711555481,0.4400442242622375,0.9381932020187378,0.681958019733429,0.788019597530365,0.5192795991897583,0.6706883311271667,0.5546550154685974,0.8697859644889832,0.7555899024009705,0.7080976366996765
tired_129.jpg,tired,0.5741841197013855,0.7495419383049011,0.6207882165908813,0.7068147659301758,0.5448481440544128,0.6907724738121033,0.695396900177002,0.6963015794754028,0.4999206662178039,0.6610264182090759,0.806203305721283,0.8037673830986023,0.3794805109500885,0.7724562883377075,0.8512752652168274,1.0,0.3206786811351776,1.0,0.6213168501853943,0.9533648490905762,0.5331857204437256,0.9669837951660156,0.6900328993797302,0.973250925540924,0.4506184756755829,0.9417704939842224,0.6730296015739441,0.8385426998138428,0.5155832767486572,0.7124742269515991,0.5264023542404175,0.9316733479499816,0.7294403910636902,0.7606152892112732
tired_130.jpg,tired,0.5712680220603943,0.7459190487861633,0.6210972666740417,0.7025192379951477,0.5431137681007385,0.6872977018356323,0.7056005001068115,0.707417368888855,0.5006897449493408,0.6721824407577515,0.8021875619888306,0.8216691613197327,0.3884083926677704,0.7835877537727356,0.8495131731033325,1.0,0.3168992698192596,1.0,0.6121816635131836,0.9572963118553162,0.5437331795692444,0.9662912487983704,0.6813969612121582,0.980932116508484,0.4436469078063965,0.9528446197509766,0.6862248778343201,0.7815968990325928,0.5207422375679016,0.6909581422805786,0.5361716151237488,0.8609118461608887,0.7183685898780823,0.744712233543396
tired_131.jpg,tired,0.5757113695144653,0.7527404427528381,0.6263739466667175,0.7071621417999268,0.5452675223350525,0.6921488642692566,0.7109372019767761,0.7086071372032166,0.4998284876346588,0.6736538410186768,0.8061270117759705,0.8224164843559265,0.383507639169693,0.7806217670440674,0.8540312051773071,1.0,0.3074500262737274,1.0,0.6420336365699768,0.9586310982704164,0.5450628995895386,0.96451336145401,0.6804866194725037,0.979102909564972,0.4371330738067627,0.9507288932800292,0.6895940899848938,0.7892395257949829,0.5151509642601013,0.6944281458854675,0.5445795655250549,0.8601236343383789,0.7115232348442078,0.7348235249519348
tired_132.jpg,tired,0.5754591226577759,0.7389176487922668,0.6284918785095215,0.6921043395996094,0.5420022010803223,0.6760208010673523,0.7112681269645691,0.7019380927085876,0.4915781021118164,0.6649028062820435,0.7991663217544556,0.8227555751800537,0.3843949437141418,0.7840661406517029,0.8461200594902039,1.0,0.313891738653183,1.0,0.6190349459648132,0.9573818445205688,0.5437740683555603,0.9624224305152892,0.6819863319396973,0.979690968990326,0.4424427449703216,0.9535515308380128,0.6893854141235352,0.7850263118743896,0.5185002684593201,0.7020580172538757,0.5329551100730896,0.8600851893424988,0.7007502913475037,0.7547553181648254
tired_133.jpg,tired,0.5799905061721802,0.7427808046340942,0.6325047016143799,0.694003701210022,0.5437189936637878,0.6783825755119324,0.711981475353241,0.6986717581748962,0.4902095794677734,0.6637592315673828,0.8091949820518494,0.8195489048957825,0.3783928155899048,0.7873879671096802,0.8520073294639587,1.0,0.315111368894577,1.0,0.633895993232727,0.9692596793174744,0.5462698340415955,0.971282422542572,0.6898857355117798,0.9820281267166138,0.4440597593784332,0.9541678428649902,0.683505117893219,0.8280522227287292,0.5113527178764343,0.7224686145782471,0.5213696956634521,0.9276537895202636,0.6955442428588867,0.7855876088142395
tired_134.jpg,tired,0.5785005688667297,0.7481876015663147,0.6322211623191833,0.695404589176178,0.5406878590583801,0.6836267709732056,0.7153334021568298,0.6967374086380005,0.4869651794433594,0.6694103479385376,0.8088631629943848,0.818534255027771,0.3767465054988861,0.7891587615013123,0.8456017374992371,1.0,0.310892790555954,1.0,0.622829020023346,0.9736689925193788,0.5419434309005737,0.9766317009925842,0.6813294887542725,0.9812713861465454,0.432183176279068,0.956151247024536,0.6766231060028076,0.8389111161231995,0.493772804737091,0.7446303963661194,0.5376169681549072,0.923770010471344,0.6816803216934204,0.7972089648246765
tired_135.jpg,tired,0.5951423645019531,0.7230295538902283,0.6565131545066833,0.6614976525306702,0.5489813685417175,0.6549034714698792,0.7397173047065735,0.6807857155799866,0.4836487472057342,0.6602355241775513,0.7960015535354614,0.8282384872436523,0.3812991380691528,0.8120135068893433,0.8385761380195618,1.0,0.3065146207809448,1.0,0.6656957864761353,0.9734840989112854,0.5333460569381714,0.9817070364952089,0.683962345123291,1.0,0.4396766722202301,1.0,0.7008151412010193,0.7932829260826111,0.5072137713432312,0.7646232843399048,0.6240704655647278,0.8372538685798645,0.7187922596931458,0.7956106066703796
tired_136.jpg,tired,0.5900843143463135,0.7223426103591919,0.6463585495948792,0.6601725816726685,0.5469599962234497,0.6466482877731323,0.7226414680480957,0.6559473276138306,0.4850237965583801,0.6255799531936646,0.8062835931777954,0.8210722804069519,0.3751856684684753,0.7958212494850159,0.8477511405944824,1.0,0.3131153583526611,1.0,0.6587256789207458,0.9687641263008118,0.534512460231781,0.972811996936798,0.6827139258384705,1.0,0.4330739974975586,1.0,0.6986580491065979,0.8758136034011841,0.4816249310970306,0.7963507175445557,0.5654085278511047,0.9450169801712036,0.6261546015739441,0.8448415398597717
tired_137.jpg,tired,0.6078389286994934,0.7246907353401184,0.6648629307746887,0.6599088311195374,0.5589978098869324,0.645078718662262,0.7298446893692017,0.6623786091804504,0.4838736951351166,0.6294218897819519,0.7945553660392761,0.8389568328857422,0.3747151494026184,0.8161936402320862,0.8322599530220032,1.0,0.3197537958621979,1.0,0.6485185027122498,0.961451768875122,0.5358431935310364,0.9742860198020936,0.6742739081382751,1.0,0.4340400695800781,1.0,0.696668267250061,0.8784353137016296,0.5002550482749939,0.8009500503540039,0.5605997443199158,0.9521095752716064,0.6417157053947449,0.8506064414978027
tired_138.jpg,tired,0.6124106645584106,0.6958845257759094,0.6720301508903503,0.6222696900367737,0.5550068616867065,0.6181652545928955,0.7395608425140381,0.6411916613578796,0.4715368449687958,0.6296401023864746,0.7822405099868774,0.8353456854820251,0.380837619304657,0.8406556248664856,0.8336465954780579,1.0,0.3138236701488495,1.0,0.6848334670066833,0.9594130516052246,0.5140403509140015,0.9702818393707277,0.6891195178031921,1.0,0.4483442902565002,1.0,0.7579174041748047,0.8451305627822876,0.5171292424201965,0.8426766395568848,0.676047682762146,0.8794366121292114,0.6450678706169128,0.8691155314445496
tired_139.jpg,tired,0.6037442088127136,0.7058950066566467,0.6606993675231934,0.6343560814857483,0.5495768785476685,0.6293917298316956,0.7314906120300293,0.6446704268455505,0.4744206368923187,0.6336490511894226,0.7868390083312988,0.8369706869125366,0.3830320239067077,0.8295653462409973,0.8355328440666199,1.0,0.3224348723888397,1.0,0.6757631897926331,0.968900740146637,0.5240406394004822,0.9723758101463318,0.6674401164054871,1.0,0.4291342794895172,1.0,0.7361060976982117,0.8514181971549988,0.5116707682609558,0.8113337159156799,0.6344117522239685,0.8955144882202148,0.6312078833580017,0.8358956575393677
tired_140.jpg,tired,0.6003819704055786,0.709088921546936,0.6571750044822693,0.6383371949195862,0.5465893745422363,0.6311152577400208,0.7262097597122192,0.6457541584968567,0.4700655043125152,0.6301408410072327,0.7862446308135986,0.8336799144744873,0.3781139254570007,0.8264781832695007,0.8409913182258606,1.0,0.3206803202629089,1.0,0.6736063361167908,0.9705156087875366,0.5241300463676453,0.9724915623664856,0.6759256720542908,1.0,0.435392677783966,1.0,0.7414519190788269,0.8492197394371033,0.5139231085777283,0.8062176704406738,0.6269153356552124,0.8958324193954468,0.6310135722160339,0.8326730132102966
tired_141.jpg,tired,0.6060779094696045,0.7030554413795471,0.6626290678977966,0.6297643184661865,0.5497094392776489,0.6300643682479858,0.7301965951919556,0.6413580179214478,0.4705153405666351,0.6395753026008606,0.7779598236083984,0.8334197402000427,0.3825670778751373,0.8395861983299255,0.8326823115348816,1.0,0.3119484186172485,1.0,0.6835110187530518,0.960517168045044,0.5081794857978821,0.9674277305603028,0.6762985587120056,1.0,0.4436402320861816,1.0,0.7208837866783142,0.8515273332595825,0.5152052044868469,0.8476512432098389,0.6473771333694458,0.8765898942947388,0.6614090204238892,0.8613221645355225
tired_142.jpg,tired,0.6025406122207642,0.6958556771278381,0.6584537625312805,0.62718266248703,0.5493490099906921,0.6197353601455688,0.7259984016418457,0.6457258462905884,0.4729800224304199,0.6297619938850403,0.7785980701446533,0.841322124004364,0.387324184179306,0.832633912563324,0.8321893811225891,1.0,0.319586843252182,1.0,0.6742587685585022,0.9658599495887756,0.5094650387763977,0.9760005474090576,0.6774508357048035,1.0,0.4381081759929657,1.0,0.7688432931900024,0.8651840090751648,0.4961667060852051,0.8404123187065125,0.666117250919342,0.875218391418457,0.570344865322113,0.8392572402954102
tired_143.jpg,tired,0.6043890714645386,0.6987155079841614,0.6611247062683105,0.6289095282554626,0.5515848994255066,0.6240976452827454,0.7265099883079529,0.6403475403785706,0.4740200936794281,0.6269732117652893,0.7791106104850769,0.8289060592651367,0.3812917172908783,0.8325831294059753,0.8367778062820435,1.0,0.3144758641719818,1.0,0.6777703166007996,0.9662957191467284,0.5078951120376587,0.9665139317512512,0.6892075538635254,1.0,0.4545918107032776,1.0,0.7321183085441589,0.8585735559463501,0.5141504406929016,0.846851646900177,0.6473333835601807,0.8896449208259583,0.6594458222389221,0.8675451874732971
tired_144.jpg,tired,0.606411874294281,0.6920689344406128,0.6621289849281311,0.6233263611793518,0.5509209036827087,0.618827223777771,0.7303344011306763,0.6451505422592163,0.4730449318885803,0.6356966495513916,0.7795254588127136,0.840474009513855,0.3898733258247375,0.8292790651321411,0.8350539207458496,1.0,0.3175183832645416,1.0,0.694455623626709,0.964165449142456,0.5024939775466919,0.9663040637969972,0.6681642532348633,1.0,0.429532378911972,1.0,0.7624180912971497,0.8637164831161499,0.497450441122055,0.8415938019752502,0.6694814562797546,0.8718111515045166,0.5745410919189453,0.8368945717811584
tired_145.jpg,tired,0.6120394468307495,0.6970157623291016,0.6667373180389404,0.6216285824775696,0.5542594790458679,0.6236261129379272,0.7322172522544861,0.6291905045509338,0.4726785719394684,0.6319113969802856,0.7799283266067505,0.8275997638702393,0.3830544650554657,0.838410496711731,0.8315847516059875,1.0,0.3127747476100921,1.0,0.6876680254936218,0.9570890069007874,0.5138341188430786,0.9649469256401062,0.677055299282074,1.0,0.4427079260349273,1.0,0.7268714904785156,0.8548732399940491,0.5139024257659912,0.8524317145347595,0.6507639288902283,0.8860372304916382,0.6486700177192688,0.8679896593093872
tired_146.jpg,tired,0.6072766780853271,0.6904305219650269,0.6603703498840332,0.6165814995765686,0.5499566793441772,0.6180527806282043,0.7300050854682922,0.6315706372261047,0.4739268720149994,0.6364861726760864,0.7830748558044434,0.8400996327400208,0.3912029862403869,0.8393925428390503,0.8295336961746216,1.0,0.316789835691452,1.0,0.6929880976676941,0.955790638923645,0.506074845790863,0.9657252430915833,0.6623392105102539,1.0,0.4233356416225433,1.0,0.7557210326194763,0.8647116422653198,0.4877355098724365,0.8399613499641418,0.6746132969856262,0.8753722906112671,0.5604442358016968,0.8288417458534241
tired_147.jpg,tired,0.6050363183021545,0.687144935131073,0.6578816175460815,0.6170995831489563,0.5503296852111816,0.6156623363494873,0.7257856726646423,0.6325840353965759,0.4755853712558746,0.6305049061775208,0.7803633213043213,0.8322039842605591,0.3914600908756256,0.8309269547462463,0.8291568160057068,1.0,0.3160452246665954,1.0,0.6853885054588318,0.9528084993362428,0.5080755949020386,0.9685986042022704,0.6713090538978577,1.0,0.4339568316936493,1.0,0.7533950209617615,0.8681380748748779,0.4902210831642151,0.8456140756607056,0.6614179611206055,0.8801800012588501,0.5667333006858826,0.8376649022102356
tired_148.jpg,tired,0.6092991828918457,0.6860478520393372,0.6628239750862122,0.6114577651023865,0.5513893961906433,0.6135924458503723,0.733285665512085,0.6269135475158691,0.4748019874095917,0.6332371830940247,0.7863571643829346,0.8373416662216187,0.3909923136234283,0.8372664451599121,0.8307761549949646,1.0,0.3174655437469482,1.0,0.6909043788909912,0.9583542346954346,0.5102275013923645,0.9725862145423888,0.6622445583343506,1.0,0.4203070104122162,1.0,0.756680428981781,0.8632292747497559,0.4830853641033172,0.8394559621810913,0.6793724298477173,0.876510500907898,0.5574225783348083,0.8310906887054443
tired_149.jpg,tired,0.6119030117988586,0.6832668781280518,0.6648659110069275,0.6119139194488525,0.5559446215629578,0.6095194816589355,0.7309539914131165,0.6271196007728577,0.4774830937385559,0.6232850551605225,0.7836294174194336,0.8312181830406189,0.3903585374355316,0.8304630517959595,0.8314090967178345,1.0,0.3159911930561065,1.0,0.685640275478363,0.9489114880561828,0.5119814276695251,0.9706053137779236,0.6754055023193359,1.0,0.4350928366184234,1.0,0.7659706473350525,0.8631288409233093,0.4953731596469879,0.8407920002937317,0.6684662699699402,0.8821693062782288,0.5653731226921082,0.8394932150840759
thinking_115.jpg,thinking,0.4890976548194885,0.67521733045578,0.5381377339363098,0.5911144614219666,0.4315148890018463,0.6044249534606934,0.605728805065155,0.5692299008369446,0.3590120673179626,0.5961920619010925,0.6953105330467224,0.8009947538375854,0.2889476418495178,0.8317816257476807,0.823767364025116,1.0,0.2168599814176559,1.0,0.7625362277030945,1.0,0.3300909101963043,0.9698842167854308,0.6285190582275391,1.0,0.4064218699932098,1.0,0.5928665995597839,0.924627125263214,0.4498114585876465,0.921188235282898,0.5734953880310059,0.9166854619979858,0.6574743390083313,0.8866957426071167
thinking_116.jpg,thinking,0.4989964067935943,0.68131023645401,0.5444391369819641,0.5970549583435059,0.4401431083679199,0.6142402291297913,0.6060950756072998,0.567152202129364,0.3594397306442261,0.6011186838150024,0.6893424391746521,0.7925904393196106,0.288857489824295,0.8209230899810791,0.82862389087677,1.0,0.2199038714170456,1.0,0.772904634475708,1.0,0.3374607861042022,0.9686662554740906,0.6272406578063965,1.0,0.412511259317398,1.0,0.5786905288696289,0.9377066493034364,0.4876212179660797,0.9491068720817566,0.5824455618858337,0.9032509922981262,0.740151584148407,0.8878856897354126
thinking_117.jpg,thinking,0.5014671087265015,0.7002545595169067,0.5445379614830017,0.6111224889755249,0.4386141300201416,0.6324983835220337,0.6064301133155823,0.5648393034934998,0.3534750342369079,0.6095582842826843,0.6908852458000183,0.7829406261444092,0.2926625311374664,0.8235898613929749,0.8378534317016602,1.0,0.2243492603302002,1.0,0.8034256100654602,1.0,0.3491066396236419,0.9438812732696532,0.632337212562561,1.0,0.4216150939464569,1.0,0.5706064105033875,0.993701696395874,0.5009598135948181,1.0,0.5605178475379944,0.9194506406784058,0.7350837588310242,0.8998392820358276
thinking_118.jpg,thinking,0.4988356232643127,0.7106093168258667,0.5410323143005371,0.6195601224899292,0.4345254898071289,0.6446841955184937,0.6046729683876038,0.5665491223335266,0.3505645394325256,0.6201908588409424,0.6910524964332581,0.7832956910133362,0.2928914129734039,0.8265081644058228,0.8393865823745728,1.0,0.2227316945791244,1.0,0.8037441372871399,1.0,0.3442917764186859,0.9543800950050354,0.6238939762115479,1.0,0.4161624014377594,1.0,0.5552817583084106,0.9928158521652222,0.5080146193504333,1.0,0.5509774684906006,0.9126624464988708,0.7536969184875488,0.8955740928649902
thinking_119.jpg,thinking,0.4978155195713043,0.7096149325370789,0.5410523414611816,0.6193290948867798,0.4341256320476532,0.6432607769966125,0.6054130792617798,0.5670673847198486,0.3513938188552856,0.6177947521209717,0.6917375326156616,0.7823746800422668,0.2921551764011383,0.8232617974281311,0.8380661010742188,1.0,0.2233873456716537,1.0,0.8020922541618347,1.0,0.3453688323497772,0.9512702822685242,0.6227039694786072,1.0,0.4144823551177978,1.0,0.5530360341072083,0.9960180521011353,0.5065125823020935,1.0,0.5490524172782898,0.9146997928619384,0.7572497725486755,0.8934646844863892
thinking_120.jpg,thinking,0.4983485341072082,0.7083235383033752,0.5400400757789612,0.617376446723938,0.4337735176086426,0.6433020234107971,0.6034606695175171,0.5651193261146545,0.3495753407478332,0.6207559108734131,0.6924020051956177,0.7830690741539001,0.2927014827728271,0.8248128294944763,0.8342891931533813,1.0,0.2243475914001464,1.0,0.7862796783447266,1.0,0.3448916375637054,0.9441943764686584,0.6266068816184998,1.0,0.4184759259223938,1.0,0.5518000721931458,0.9946326613426208,0.5091391205787659,1.0,0.5521347522735596,0.9157947897911072,0.7635864615440369,0.8884425759315491
thinking_121.jpg,thinking,0.4958506226539612,0.7103539705276489,0.5409553647041321,0.6218875646591187,0.4334174692630768,0.6415791511535645,0.6038671731948853,0.5784209966659546,0.3502981662750244,0.6192414164543152,0.6887524724006653,0.7943753600120544,0.2859161794185638,0.8286699652671814,0.8258907198905945,1.0,0.2271965593099594,1.0,0.7704275250434875,1.0,0.3496194183826446,0.9308209419250488,0.6237173080444336,1.0,0.4073881208896637,1.0,0.5702760815620422,0.9221139550209044,0.4687757194042206,0.9348412752151488,0.5633885264396667,0.9028276205062866,0.697819173336029,0.8864162564277649
thinking_122.jpg,thinking,0.4968637526035309,0.7093714475631714,0.5408572554588318,0.6185413002967834,0.4324219226837158,0.6423428058624268,0.6056780219078064,0.5691872835159302,0.3481738269329071,0.6194494962692261,0.69151371717453,0.7839597463607788,0.290119856595993,0.8264009356498718,0.8394943475723267,1.0,0.2203594893217086,1.0,0.801037609577179,1.0,0.3430160582065582,0.9439937472343444,0.6265926361083984,1.0,0.4162522256374359,1.0,0.559994101524353,0.9959312677383424,0.5093269944190979,1.0,0.5532516837120056,0.9149559140205384,0.7587182521820068,0.8960524201393127
thinking_123.jpg,thinking,0.4963739514350891,0.7103987336158752,0.5413400530815125,0.6217961311340332,0.4339771270751953,0.6413111686706543,0.6039167642593384,0.5753601789474487,0.3511035144329071,0.6159993410110474,0.6886744499206543,0.793572723865509,0.2855098247528076,0.8293768763542175,0.8244129419326782,1.0,0.2291655838489532,1.0,0.7733878493309021,1.0,0.3450867235660553,0.9508544206619264,0.6219295859336853,1.0,0.4095029830932617,1.0,0.5595788359642029,0.9334115386009216,0.4805520474910736,0.9418722987174988,0.5516390800476074,0.9122222065925598,0.7219282388687134,0.8898037672042847
thinking_124.jpg,thinking,0.4963534772396087,0.7091302871704102,0.541283905506134,0.6210283041000366,0.4341923892498016,0.6403986215591431,0.6036428809165955,0.5772637128829956,0.3511455655097961,0.6173266172409058,0.6872243881225586,0.7928288578987122,0.2845001816749573,0.8287348747253418,0.8251820802688599,1.0,0.223616823554039,1.0,0.7800375819206238,1.0,0.3409669399261474,0.9496549367904664,0.6209151148796082,1.0,0.405736893415451,1.0,0.5682429671287537,0.9258692264556884,0.4707459509372711,0.9379453063011168,0.5611830949783325,0.9092921614646912,0.7016270160675049,0.8910283446311951
thinking_125.jpg,thinking,0.4957290589809418,0.7083147764205933,0.5407354235649109,0.6199772953987122,0.4333960711956024,0.6396420001983643,0.6035918593406677,0.5754356980323792,0.350929856300354,0.6163200736045837,0.6899968981742859,0.7947826981544495,0.2843113839626312,0.8285591006278992,0.8257595300674438,1.0,0.225037008523941,1.0,0.7766937613487244,1.0,0.3422537744045257,0.9518008828163148,0.6217586398124695,1.0,0.4067662358283996,1.0,0.5610529184341431,0.92967027425766,0.4733867645263672,0.9361209273338318,0.5558776259422302,0.914140284061432,0.7135480046272278,0.8891368508338928
thinking_126.jpg,thinking,0.4970915913581848,0.7091415524482727,0.5419319868087769,0.6191863417625427,0.4340200424194336,0.6398870348930359,0.6060447692871094,0.5699517726898193,0.3498567044734955,0.6131618618965149,0.6930670738220215,0.7877805829048157,0.2870240807533264,0.8280448317527771,0.8425214886665344,1.0,0.2180404216051101,1.0,0.805084228515625,1.0,0.3388416767120361,0.9513047337532043,0.6298862099647522,1.0,0.4179198741912842,1.0,0.5619531869888306,0.9974130392074584,0.5053393244743347,1.0,0.5501831769943237,0.9217396378517152,0.7553985714912415,0.8979181051254272
thinking_127.jpg,thinking,0.4978372752666473,0.7105110883712769,0.5428597331047058,0.6194631457328796,0.433662086725235,0.6411747336387634,0.6074381470680237,0.5706634521484375,0.3480818569660187,0.6159662008285522,0.6931414604187012,0.7869209051132202,0.2872640490531921,0.8277006149291992,0.84381502866745,1.0,0.2165186703205108,1.0,0.8092121481895447,1.0,0.3403440713882446,0.944463849067688,0.630945086479187,1.0,0.4176669120788574,1.0,0.5648757815361023,0.9974596500396729,0.50361168384552,1.0,0.5558726191520691,0.914555013179779,0.749452531337738,0.8951712250709534
thinking_128.jpg,thinking,0.4979209005832672,0.714119017124176,0.5423405766487122,0.6259012818336487,0.4360934197902679,0.6454663276672363,0.6044386029243469,0.5761305689811707,0.3534464836120605,0.6164380311965942,0.6885151267051697,0.7915417551994324,0.2856873273849487,0.8261894583702087,0.8305622339248657,1.0,0.2255730479955673,1.0,0.789859414100647,1.0,0.3447096943855285,0.9336886405944824,0.6218891143798828,1.0,0.4090390205383301,1.0,0.5638050436973572,0.928563356399536,0.4780353605747223,0.9436609745025636,0.5576276183128357,0.9048528671264648,0.7155436873435974,0.8919124603271484
thinking_129.jpg,thinking,0.4985330700874328,0.7131310105323792,0.542837381362915,0.6259437203407288,0.4367224276065826,0.6449201107025146,0.6042155027389526,0.5797789096832275,0.3531685769557953,0.6191574931144714,0.687556266784668,0.7927639484405518,0.2873629927635193,0.8256610035896301,0.8215810656547546,1.0,0.2262929677963256,1.0,0.7656928896903992,1.0,0.3443227410316467,0.9397390484809875,0.6220336556434631,1.0,0.4090497493743896,1.0,0.5601949095726013,0.9238981008529664,0.4718242585659027,0.9361099600791932,0.5478827357292175,0.9041837453842164,0.7029727101325989,0.8878681659698486
thinking_130.jpg,thinking,0.4984264373779297,0.7134523987770081,0.5440784096717834,0.6248471140861511,0.4364226460456848,0.6430105566978455,0.6064664125442505,0.5784697532653809,0.3524990081787109,0.6157111525535583,0.6892313361167908,0.7961655259132385,0.2851173877716064,0.8283115029335022,0.8277654051780701,1.0,0.2269626408815384,1.0,0.7749063372612,1.0,0.3471792638301849,0.9435545206069946,0.6230915188789368,1.0,0.4079917073249817,1.0,0.5688173174858093,0.923410713672638,0.473781555891037,0.9372745752334596,0.5613701939582825,0.900921642780304,0.7068875432014465,0.8894253969192505
thinking_131.jpg,thinking,0.4996050000190735,0.7163658738136292,0.5446299910545349,0.6299909949302673,0.4385877549648285,0.6464455127716064,0.605016827583313,0.5821805000305176,0.353546142578125,0.6154536604881287,0.6875185966491699,0.7927424311637878,0.2837803065776825,0.8251268267631531,0.8318904042243958,1.0,0.2250339537858963,1.0,0.7843904495239258,1.0,0.3424526751041412,0.9449811577796936,0.6253442764282227,1.0,0.4115896224975586,1.0,0.5671179294586182,0.9274877309799194,0.4804036617279053,0.9416956305503844,0.5504831075668335,0.9063788056373596,0.7164656519889832,0.8945122361183167
thinking_132.jpg,thinking,0.5083732604980469,0.7078485488891602,0.55497145652771,0.6237152218818665,0.4492281079292297,0.6345264315605164,0.6122390031814575,0.5835770964622498,0.3603405058383941,0.6032307744026184,0.6835898756980896,0.788111686706543,0.2856619358062744,0.819779098033905,0.8334755301475525,1.0,0.2218291312456131,1.0,0.7930680513381958,1.0,0.3384212553501129,0.9426054954528807,0.6313902139663696,1.0,0.4159367680549621,1.0,0.5972893834114075,0.9140576124191284,0.4785626530647278,0.942046284675598,0.5663544535636902,0.8952032923698425,0.6863247752189636,0.905207335948944
thinking_133.jpg,thinking,0.5363849401473999,0.6870425939559937,0.5832319259643555,0.6035535335540771,0.4776050746440887,0.6161152124404907,0.6394525766372681,0.5761265754699707,0.3871108293533325,0.5981249809265137,0.6978404521942139,0.781659722328186,0.3014614582061767,0.8216736316680908,0.8394026160240173,1.0,0.2288814336061477,1.0,0.8003281950950623,0.9994123578071594,0.3662574887275696,0.950295865535736,0.6316370368003845,1.0,0.4123766124248504,1.0,0.6240053176879883,0.92457777261734,0.4909861087799072,0.96485435962677,0.6045037508010864,0.8957945108413696,0.702109694480896,0.9131006002426147
thinking_134.jpg,thinking,0.5756416916847229,0.6562625169754028,0.6231558918952942,0.5781838893890381,0.5185603499412537,0.5854759812355042,0.6794046759605408,0.5742910504341125,0.4345006048679352,0.5873312950134277,0.7279870510101318,0.7955157160758972,0.3319312036037445,0.8270732164382935,0.8427201509475708,1.0,0.2990371882915497,1.0,0.8136723637580872,0.9594926834106444,0.5255486369132996,0.995765209197998,0.6097897887229919,1.0,0.3832286298274994,1.0,0.6806892156600952,0.8774579763412476,0.499375432729721,0.8874865770339966,0.6296380162239075,0.9077938795089722,0.6578302383422852,0.8842288851737976
thinking_135.jpg,thinking,0.6126940846443176,0.6467912197113037,0.6648291349411011,0.569405734539032,0.5560528039932251,0.5714755654335022,0.7212994694709778,0.5728713870048523,0.4688250720500946,0.5727109313011169,0.7507415413856506,0.8001804947853088,0.3712357580661773,0.8171901106834412,0.8585380911827087,1.0,0.3305761218070984,1.0,0.8323788046836853,0.9305011630058287,0.5370783805847168,0.9812427759170532,0.6405938863754272,1.0,0.4263423085212707,1.0,0.7029473185539246,0.8834875822067261,0.5565893054008484,0.9065617322921752,0.6573036313056946,0.8866606950759888,0.7256108522415161,0.8938091397285461
thinking_136.jpg,thinking,0.6588248610496521,0.6522431969642639,0.704308807849884,0.5797943472862244,0.6035022735595703,0.5770899057388306,0.7471868991851807,0.5805652737617493,0.5062543153762817,0.5710789561271667,0.7524338364601135,0.8112542033195496,0.3953727185726166,0.8039162158966064,0.8265153765678406,1.0,0.3665905892848968,1.0,0.8413411378860474,0.9156475067138672,0.5846769213676453,0.9649949669837952,0.6111041903495789,1.0,0.4152441024780273,1.0,0.6613602042198181,0.938258945941925,0.5694538354873657,0.9108605980873108,0.5996907353401184,0.9400925040245056,0.727820098400116,0.8660234212875366
thinking_137.jpg,thinking,0.6888365745544434,0.6718944311141968,0.7284689545631409,0.5963333249092102,0.6318406462669373,0.5948857665061951,0.7619573473930359,0.5867784023284912,0.5195916295051575,0.581052839756012,0.7594059109687805,0.8239843845367432,0.3943321406841278,0.8073700666427612,0.8218232989311218,1.0,0.3711514174938202,1.0,0.8166059851646423,0.8902370929718018,0.6063573360443115,0.9541234970092772,0.5995206236839294,1.0,0.3961268961429596,1.0,0.667809009552002,0.9492079615592957,0.5608457326889038,0.9119256138801576,0.619074285030365,0.9461413025856018,0.7085423469543457,0.8525733947753906
thinking_138.jpg,thinking,0.7073193788528442,0.6753560304641724,0.7434477210044861,0.6015651226043701,0.6493979692459106,0.5997189879417419,0.7696048021316528,0.5946135520935059,0.5261945128440857,0.5876911282539368,0.7663742899894714,0.8251063823699951,0.3890186548233032,0.8108941912651062,0.8228313326835632,1.0,0.3704477846622467,1.0,0.8208921551704407,0.8988855481147766,0.6233110427856445,0.9519044756889344,0.6144036650657654,1.0,0.4017117619514465,1.0,0.6837174892425537,0.9715905785560608,0.5632439255714417,0.9222842454910278,0.6384812593460083,0.9768546223640442,0.7197508215904236,0.8518613576889038
thinking_139.jpg,thinking,0.7131133079528809,0.6836845874786377,0.7474414706230164,0.6111192107200623,0.656764805316925,0.6090971827507019,0.7701438069343567,0.6008418798446655,0.532429575920105,0.5933077931404114,0.7644871473312378,0.824584424495697,0.3900975883007049,0.810740053653717,0.8197704553604126,1.0,0.384115070104599,1.0,0.8145737051963806,0.8963905572891235,0.653608500957489,0.9438744187355042,0.6117628812789917,1.0,0.3983187675476074,1.0,0.6962892413139343,0.9714906215667723,0.5646104216575623,0.9231268167495728,0.6616984605789185,0.9763258099555968,0.7223193049430847,0.8517455458641052
thinking_140.jpg,thinking,0.7190232276916504,0.6892150640487671,0.7511555552482605,0.6163977384567261,0.6624895930290222,0.6144983768463135,0.7702018022537231,0.6047847867012024,0.5337194800376892,0.5977892875671387,0.7638428211212158,0.8304179310798645,0.3882032334804535,0.8138280510902405,0.8245760798454285,1.0,0.3843080103397369,1.0,0.8203946352005005,0.8995264768600464,0.6574149131774902,0.942846179008484,0.6094865798950195,1.0,0.3946371972560882,1.0,0.7018396854400635,0.9711713790893556,0.5650271773338318,0.9206389784812928,0.6716127395629883,0.9755409955978394,0.7190336585044861,0.8451094627380371
thinking_141.jpg,thinking,0.7187151312828064,0.6893940567970276,0.7508119940757751,0.6160280108451843,0.6622017025947571,0.614983320236206,0.7706277966499329,0.6020472645759583,0.53541100025177,0.5969860553741455,0.7642051577568054,0.8294477462768555,0.3892018496990204,0.8129668831825256,0.8214012384414673,1.0,0.3827416598796844,1.0,0.8213701248168945,0.8989465832710266,0.656955897808075,0.9450933337211608,0.6049122214317322,1.0,0.3919106423854828,1.0,0.6932686567306519,0.9727264046669006,0.5647541284561157,0.9213725924491882,0.664061963558197,0.9762032628059388,0.7215899229049683,0.8446344137191772
thinking_142.jpg,thinking,0.7179362773895264,0.6902837753295898,0.7507793307304382,0.618623673915863,0.6621752381324768,0.6150439381599426,0.7697855830192566,0.6087243556976318,0.5341713428497314,0.597704291343689,0.7592390179634094,0.8339692950248718,0.3890438377857208,0.8120520114898682,0.817378044128418,1.0,0.3812106549739837,1.0,0.8175625205039978,0.895749568939209,0.6531080007553101,0.9385104179382324,0.6053380966186523,1.0,0.3937353193759918,1.0,0.6988300681114197,0.9694186449050904,0.5655440092086792,0.9208187460899352,0.666052520275116,0.9705107808113098,0.7154088020324707,0.8461690545082092
thinking_143.jpg,thinking,0.1347336620092392,0.1770712584257125,0.1426515579223632,0.1680561155080795,0.1331963241100311,0.1684931218624115,0.1657638102769851,0.1732537299394607,0.1362998038530349,0.1755348592996597,0.1875472366809845,0.2261020839214325,0.1341683715581894,0.2258081585168838,0.1889638155698776,0.2906748950481415,0.1165362522006034,0.289607971906662,0.15946064889431,0.2917126715183258,0.1212281137704849,0.3126308023929596,0.1721038818359375,0.3460676670074463,0.1354544460773468,0.3418259918689728,0.1718757003545761,0.3981557786464691,0.1159318462014198,0.3928036391735077,0.1714506447315216,0.4508589208126068,0.1181134358048439,0.4413096606731415
thinking_144.jpg,thinking,0.7150401473045349,0.6926003098487854,0.7483809590339661,0.6196411848068237,0.65922611951828,0.616696298122406,0.7686837315559387,0.6063982844352722,0.5330216288566589,0.5965380668640137,0.7604396343231201,0.8336625099182129,0.3898812532424927,0.8152523636817932,0.814427375793457,1.0,0.3816512823104858,1.0,0.8148559927940369,0.8939733505249023,0.6490114331245422,0.9427780508995056,0.6104521751403809,1.0,0.4011852443218231,1.0,0.6871238350868225,0.9759179949760436,0.5657584071159363,0.9257633686065674,0.6542587280273438,0.9765746593475342,0.7237766981124878,0.8500285148620605
thinking_145.jpg,thinking,0.7144787311553955,0.69244384765625,0.7485072016716003,0.6197123527526855,0.6587144732475281,0.6160150170326233,0.7692956328392029,0.6083856821060181,0.5325192213058472,0.5967559218406677,0.7588087916374207,0.8368561267852783,0.3890427350997925,0.814434289932251,0.8136812448501587,1.0,0.3788038790225982,1.0,0.8165774345397949,0.8925519585609436,0.6442052721977234,0.9432166218757628,0.605373740196228,1.0,0.3951692581176758,1.0,0.6912630796432495,0.9773290157318116,0.5619732737541199,0.929414927959442,0.6594268679618835,0.9748624563217164,0.7128589153289795,0.8548125624656677
thinking_146.jpg,thinking,0.7187075018882751,0.6896386742591858,0.7524296641349792,0.6169022917747498,0.6627468466758728,0.6139058470726013,0.7729327082633972,0.6049545407295227,0.5360890626907349,0.5949586629867554,0.7643041610717773,0.83182692527771,0.3885535299777984,0.8150508403778076,0.8200921416282654,1.0,0.3780748546123504,1.0,0.8165988326072693,0.8923773765563965,0.6510592103004456,0.943494975566864,0.6082905530929565,1.0,0.395306795835495,1.0,0.6925190091133118,0.9760436415672302,0.5648424029350281,0.9289706349372864,0.6559101343154907,0.9744323492050172,0.7213463187217712,0.8520060777664185
thinking_147.jpg,thinking,0.7167231440544128,0.6913803219795227,0.7509344220161438,0.6178229451179504,0.6605313420295715,0.6149469614028931,0.7726016044616699,0.6046143770217896,0.5345239043235779,0.5948267579078674,0.7651638984680176,0.8308585286140442,0.3878673911094665,0.8140353560447693,0.8196088671684265,1.0,0.3749948441982269,1.0,0.8168706893920898,0.8910079598426819,0.6451259851455688,0.9408712983131408,0.6111031770706177,1.0,0.396186888217926,1.0,0.696894645690918,0.973377764225006,0.5596885085105896,0.9254237413406372,0.6631539463996887,0.9735373854637146,0.7136891484260559,0.8502517342567444
thinking_148.jpg,thinking,0.7202521562576294,0.687706708908081,0.752565860748291,0.614784300327301,0.6635771989822388,0.6128316521644592,0.7722882628440857,0.6031891703605652,0.5360884070396423,0.5963769555091858,0.765728771686554,0.8342527151107788,0.3891574740409851,0.8140656352043152,0.8222284317016602,1.0,0.3789435029029846,1.0,0.8193468451499939,0.8951839804649353,0.6524839997291565,0.94267737865448,0.6049548387527466,1.0,0.3912003934383392,1.0,0.6937499642372131,0.9718127250671388,0.5655030012130737,0.9186486601829528,0.659262478351593,0.9760526418685912,0.7187600135803223,0.8437120914459229
thinking_149.jpg,thinking,0.7179614901542664,0.6817331910133362,0.748375415802002,0.6125155091285706,0.6631456613540649,0.6090828776359558,0.7648274302482605,0.605208158493042,0.5351821780204773,0.5948907732963562,0.7615242004394531,0.8311466574668884,0.3877629339694977,0.8122636079788208,0.8230776190757751,1.0,0.3744412362575531,1.0,0.817666232585907,0.891969621181488,0.6382789015769958,0.9426081776618958,0.6117268800735474,1.0,0.4004294574260711,1.0,0.6904981732368469,0.968297243118286,0.567026674747467,0.9130638837814332,0.6469839215278625,0.978666365146637,0.7208633422851562,0.8414831161499023
thinking_150.jpg,thinking,0.7168753743171692,0.7092276215553284,0.7507097125053406,0.6417648792266846,0.6664053797721863,0.6324992179870605,0.7657775282859802,0.6247875690460205,0.5358048677444458,0.5967551469802856,0.7566550970077515,0.8153862953186035,0.3844048976898193,0.8074142932891846,0.8422655463218689,1.0,0.3671203255653381,1.0,0.8462709784507751,0.976194441318512,0.5816488862037659,0.954789698123932,0.6349554657936096,1.0,0.4251739680767059,1.0,0.7034537196159363,0.9851664900779724,0.5705126523971558,0.9460057020187378,0.6550982594490051,0.976777195930481,0.7434244155883789,0.8621011972427368
neutral_0.jpg,neutral,0.4314810931682586,0.687321662902832,0.4916176497936249,0.6140313744544983,0.407952070236206,0.5979334115982056,0.6222543120384216,0.5771052837371826,0.3936353623867035,0.5428014397621155,0.7839781641960144,0.8142781853675842,0.3316962420940399,0.7928927540779114,0.8869614005088806,1.0,0.2503518760204315,1.0,0.7144196629524231,0.9414715766906738,0.3384025990962982,0.9452213644981384,0.7171654105186462,1.0,0.4721343219280243,1.0,0.6168059706687927,1.0,0.4369873106479645,0.899238109588623,0.4740606844425201,0.9787424206733704,0.6026719808578491,0.8485480546951294
neutral_1.jpg,neutral,0.0941071137785911,0.1594556272029876,0.1093355417251586,0.1458672881126403,0.0882157310843467,0.1454164236783981,0.1386722326278686,0.1596013903617859,0.0835230275988578,0.1571363508701324,0.1706829518079757,0.2522230148315429,0.0637813806533813,0.2491127401590347,0.1866921186447143,0.3550141453742981,0.0457956008613109,0.3419612944126129,0.1136034056544303,0.3404629528522491,0.0819355547428131,0.3433690667152405,0.1481004357337951,0.4330957531929016,0.0776625201106071,0.428391546010971,0.1292237341403961,0.486225962638855,0.0472936443984508,0.4822630882263183,0.1464702486991882,0.5097759962081909,0.0944243520498275,0.5055051445960999
neutral_2.jpg,neutral,0.5602262616157532,0.5984980463981628,0.6139310598373413,0.5286628007888794,0.5106964111328125,0.5211760401725769,0.6746752858161926,0.5442047119140625,0.4354673326015472,0.5260743498802185,0.7751874923706055,0.8079962134361267,0.3181139230728149,0.8089959621429443,0.8864651918411255,1.0,0.2270796298980713,1.0,0.7738682627677917,1.0,0.3575124442577362,0.9984664916992188,0.6842790842056274,1.0,0.4313174188137054,1.0,0.6611126065254211,0.9267534017562866,0.4508076608181,0.8652936816215515,0.583154559135437,0.9415320754051208,0.6430491805076599,0.8483471870422363
neutral_3.jpg,neutral,0.5983922481536865,0.5949360728263855,0.6457960605621338,0.527155876159668,0.5456811785697937,0.5182858109474182,0.6949230432510376,0.5462051630020142,0.4566829204559326,0.5287444591522217,0.766644299030304,0.7953334450721741,0.3469488024711609,0.7926003932952881,0.8553438186645508,1.0,0.2456547319889068,1.0,0.7443180084228516,0.963748037815094,0.339212030172348,0.9679054617881776,0.6736494898796082,1.0,0.4321131706237793,1.0,0.7083110809326172,0.9294697642326356,0.4659438133239746,0.8740018606185913,0.605330765247345,0.9453517198562622,0.5652536749839783,0.8554920554161072
neutral_4.jpg,neutral,0.6183949708938599,0.6011548638343811,0.6613186597824097,0.5304252505302429,0.5642422437667847,0.5236570835113525,0.7015807032585144,0.5403107404708862,0.4600837826728821,0.5252918601036072,0.774914562702179,0.8000637888908386,0.333477258682251,0.7989686727523804,0.8866584897041321,1.0,0.2358337938785553,1.0,0.7960824966430664,1.0,0.3518850207328796,0.9861721396446228,0.6832717061042786,1.0,0.4386365115642547,1.0,0.6822472810745239,0.9204206466674804,0.4907073676586151,0.8700538873672485,0.5794878005981445,0.9444829821586608,0.6398510932922363,0.8489351272583008
neutral_5.jpg,neutral,0.6292983889579773,0.597889244556427,0.6662948131561279,0.5261261463165283,0.5726641416549683,0.5249448418617249,0.7027925848960876,0.5342581868171692,0.465353399515152,0.5341413617134094,0.7644988894462585,0.7907701134681702,0.3437668979167938,0.7961767315864563,0.8484377264976501,1.0,0.2519257366657257,1.0,0.7402424812316895,0.95964777469635,0.3752769529819488,0.9646191000938416,0.6593162417411804,1.0,0.4202489554882049,1.0,0.6937577128410339,0.9474889636039734,0.4873223304748535,0.8920297026634216,0.6013438105583191,0.9568327069282532,0.6003292202949524,0.8395112752914429
neutral_6.jpg,neutral,0.626215398311615,0.5990961790084839,0.6631782054901123,0.5259299874305725,0.5700100064277649,0.5253469347953796,0.699380099773407,0.5279371738433838,0.4616571068763733,0.528019905090332,0.7764142751693726,0.800060510635376,0.3363385200500488,0.7964654564857483,0.8831433653831482,1.0,0.2476775497198104,1.0,0.7848462462425232,1.0,0.36744025349617,0.9853290915489196,0.6719242930412292,1.0,0.4316317141056061,1.0,0.6594500541687012,0.9332756400108336,0.4997903406620025,0.8718386888504028,0.5710249543190002,0.9562169909477234,0.6626242399215698,0.8375083208084106
neutral_7.jpg,neutral,0.6127049326896667,0.569989025592804,0.6516273617744446,0.5026338696479797,0.5606316328048706,0.4958177506923675,0.687717854976654,0.5176432728767395,0.4588581621646881,0.5031392574310303,0.7704905271530151,0.7996959090232849,0.3302072584629059,0.8013885021209717,0.8898748755455017,1.0,0.2391228228807449,1.0,0.8035508990287781,1.0,0.3711631000041961,0.9786203503608704,0.692568302154541,1.0,0.4555257260799408,1.0,0.6710669994354248,0.9408131837844848,0.5164608955383301,0.8860630989074707,0.5585712790489197,0.9623188376426696,0.6820765733718872,0.8560377955436707
neutral_8.jpg,neutral,0.5905818939208984,0.5392728447914124,0.6238966584205627,0.4749316871166229,0.5430348515510559,0.4718649387359619,0.6558422446250916,0.4840724766254425,0.4511620104312897,0.4775022268295288,0.7435742616653442,0.7845873832702637,0.3185137212276459,0.7894984483718872,0.8621748089790344,1.0,0.2337609827518463,1.0,0.8032684326171875,1.0,0.3713763356208801,1.0,0.6734861731529236,1.0,0.4522958695888519,1.0,0.6424047946929932,1.0,0.5337324142456055,0.9482495188713074,0.5724967122077942,0.9938572645187378,0.7471802234649658,0.8643522262573242
neutral_9.jpg,neutral,0.5831969380378723,0.5141422748565674,0.6155625581741333,0.4550138115882873,0.5368309020996094,0.4510515630245209,0.6455402374267578,0.4764771163463592,0.4466584324836731,0.4680440425872803,0.7320167422294617,0.7739865183830261,0.3151894509792328,0.7849382162094116,0.8577502369880676,1.0,0.2358897477388382,1.0,0.8093148469924927,1.0,0.3771947026252746,1.0,0.6682775616645813,1.0,0.4501669406890869,1.0,0.6515551805496216,1.0,0.5420759916305542,0.9516518712043762,0.5728779435157776,0.9896287322044371,0.7494738698005676,0.8647690415382385
neutral_10.jpg,neutral,0.5787919759750366,0.516909122467041,0.6112461686134338,0.4560928046703338,0.5329120755195618,0.4525393545627594,0.6413381695747375,0.4715116024017334,0.4426434934139251,0.4631451964378357,0.7233813405036926,0.7670777440071106,0.31401327252388,0.7773852348327637,0.8517776727676392,1.0,0.2398313283920288,1.0,0.8042325377464294,1.0,0.3826771974563598,1.0,0.6629310846328735,1.0,0.4484608173370361,1.0,0.651475727558136,1.0,0.545473575592041,0.9614661335945128,0.5804468393325806,0.9830127954483032,0.7545170187950134,0.8740546107292175
neutral_11.jpg,neutral,0.5774975419044495,0.49789959192276,0.6084752082824707,0.4439736604690552,0.5347656607627869,0.4377425611019134,0.6353568434715271,0.4683162271976471,0.4483437538146972,0.4549090266227722,0.722170352935791,0.7563552856445312,0.3202828466892242,0.7609428763389587,0.8381578326225281,1.0,0.2532282173633575,1.0,0.7813041806221008,1.0,0.373096764087677,1.0,0.6659520268440247,1.0,0.452296644449234,1.0,0.6578232645988464,1.0,0.5331434607505798,0.936100423336029,0.5928899645805359,0.9948806762695312,0.7371129393577576,0.861551821231842
neutral_12.jpg,neutral,0.575083315372467,0.4859464168548584,0.6060287356376648,0.4327604174613952,0.5320516228675842,0.4264927208423614,0.6338620185852051,0.4584235548973083,0.4475195109844208,0.4459500610828399,0.7251603007316589,0.7558706402778625,0.3234559297561645,0.752595841884613,0.8324498534202576,1.0,0.2579913139343261,1.0,0.7572925686836243,1.0,0.3745133876800537,1.0,0.6669109463691711,1.0,0.4562954604625702,1.0,0.6440383195877075,1.0,0.5424346327781677,0.933766543865204,0.5749437212944031,1.0,0.7540923953056335,0.8598403930664062
neutral_13.jpg,neutral,0.5772387385368347,0.4867375195026397,0.6079584956169128,0.4357526004314422,0.5347912907600403,0.4279502332210541,0.6340202689170837,0.464280754327774,0.448444128036499,0.4480008780956268,0.7185389399528503,0.7530450224876404,0.3244610726833343,0.7479768395423889,0.8276628851890564,1.0,0.2612565457820892,1.0,0.7570400238037109,1.0,0.3827198445796966,1.0,0.6619647145271301,1.0,0.4531843364238739,1.0,0.6515389680862427,1.0,0.5451165437698364,0.9376062154769896,0.5764579772949219,0.9946994185447692,0.7462736368179321,0.8625699877738953
neutral_14.jpg,neutral,0.5826492309570312,0.4997805655002594,0.6127099990844727,0.4455481469631195,0.5397370457649231,0.4385757148265838,0.6375585794448853,0.4669461250305176,0.4504058361053467,0.4520794451236725,0.7168612480163574,0.755627453327179,0.3248968124389648,0.7556377649307251,0.8282327055931091,1.0,0.2628889083862304,1.0,0.7587974667549133,1.0,0.3922512233257293,1.0,0.6595213413238525,1.0,0.4529535472393036,1.0,0.6492980718612671,1.0,0.5481292605400085,0.943116307258606,0.571386456489563,0.9904487133026124,0.7453884482383728,0.869465708732605
neutral_15.jpg,neutral,0.5839244723320007,0.5057443380355835,0.6146787405014038,0.4518951773643493,0.5409058928489685,0.4439021050930023,0.6402615904808044,0.4738633930683136,0.4510911107063293,0.4569243788719177,0.718873918056488,0.7630899548530579,0.3272869288921356,0.7560566067695618,0.829119861125946,1.0,0.2567582726478576,1.0,0.7539495825767517,1.0,0.378237783908844,1.0,0.6605442762374878,1.0,0.4542730450630188,1.0,0.6444398164749146,1.0,0.5463802218437195,0.9455546736717224,0.5615081191062927,0.9910202026367188,0.7396542429924011,0.8740938901901245
neutral_16.jpg,neutral,0.5886025428771973,0.5053426623344421,0.6192272901535034,0.4521194696426391,0.5461688041687012,0.4426213502883911,0.6437615156173706,0.4736426770687103,0.4555997848510742,0.4534545242786407,0.7184440493583679,0.7625129222869873,0.3298974931240082,0.748532772064209,0.8235012292861938,1.0,0.2543948590755462,1.0,0.7462781071662903,1.0,0.3755174279212951,1.0,0.656997799873352,1.0,0.4514039158821106,1.0,0.644714891910553,0.9978012442588806,0.5413586497306824,0.9358503818511964,0.5593783259391785,0.986293077468872,0.7245466113090515,0.872627854347229
neutral_17.jpg,neutral,0.5859104990959167,0.5008456110954285,0.6172451972961426,0.4493290185928345,0.5442140698432922,0.4380959570407867,0.6415727138519287,0.474608838558197,0.4542328417301178,0.4504625797271728,0.7202831506729126,0.7636868953704834,0.3269669413566589,0.7499624490737915,0.8226799964904785,1.0,0.2567109763622284,1.0,0.7426364421844482,1.0,0.3757911920547485,1.0,0.6660112738609314,1.0,0.4587492942810058,1.0,0.6475255489349365,1.0,0.5444179773330688,0.92951500415802,0.5628350973129272,0.991849422454834,0.7392148971557617,0.8648488521575928
neutral_18.jpg,neutral,0.5823227763175964,0.5008554458618164,0.6144923567771912,0.4510379433631897,0.542009174823761,0.4383129179477691,0.6390923857688904,0.4779214859008789,0.4536918699741363,0.4498796761035919,0.7183861136436462,0.7610518336296082,0.3253289759159088,0.7488552927970886,0.8261922001838684,1.0,0.2563245892524719,1.0,0.7483315467834473,1.0,0.3752964437007904,1.0,0.6672646403312683,1.0,0.4587104916572571,1.0,0.6522995829582214,0.9991260766983032,0.5392332673072815,0.930276095867157,0.5660796761512756,0.9912794828414916,0.7334927320480347,0.8696891069412231
neutral_19.jpg,neutral,0.5742733478546143,0.4967518150806427,0.607486367225647,0.4480407834053039,0.5338217616081238,0.4347488284111023,0.6350352168083191,0.4773677885532379,0.4496997892856598,0.4488982558250427,0.7209071516990662,0.7643632888793945,0.3257594406604767,0.7471157908439636,0.8258718848228455,1.0,0.2588500380516052,1.0,0.7437617778778076,1.0,0.3804279267787933,1.0,0.6696615815162659,1.0,0.4608437120914459,1.0,0.650638997554779,1.0,0.5433319807052612,0.9290978312492372,0.5576285719871521,1.0,0.7390634417533875,0.869458794593811
neutral_20.jpg,neutral,0.577882707118988,0.4978147745132446,0.611190915107727,0.4498864710330963,0.5372154116630554,0.4354566931724548,0.6379930377006531,0.4804081916809082,0.4510191977024078,0.4491379559040069,0.7212061882019043,0.7631842494010925,0.3273918628692627,0.7428755760192871,0.8292388916015625,1.0,0.256137877702713,1.0,0.7649838328361511,1.0,0.3693283498287201,1.0,0.6731827855110168,1.0,0.4641274511814117,1.0,0.6540900468826294,1.0,0.5419115424156189,0.9263438582420348,0.5601745247840881,1.0,0.7314493060112,0.8690951466560364
neutral_21.jpg,neutral,0.5841138958930969,0.4972496628761291,0.6162562370300293,0.4480208456516266,0.5429936647415161,0.4347327351570129,0.6415063738822937,0.4767449200153351,0.4544946253299713,0.4481627643108368,0.7215978503227234,0.7637388706207275,0.3289349973201751,0.7436372637748718,0.8256587982177734,1.0,0.2528396546840668,1.0,0.7484625577926636,1.0,0.3701606094837188,1.0,0.670106828212738,1.0,0.4622263014316559,1.0,0.6491891741752625,1.0,0.5420233607292175,0.9278030395507812,0.5548482537269592,0.994845986366272,0.728955090045929,0.8673590421676636
neutral_22.jpg,neutral,0.5844081044197083,0.497568815946579,0.6165732741355896,0.448169469833374,0.5436553359031677,0.4346697628498077,0.6413768529891968,0.4761182963848114,0.4549921154975891,0.4469400644302368,0.7188445925712585,0.7627889513969421,0.3297127187252044,0.7441875338554382,0.8243967294692993,1.0,0.2559687793254852,1.0,0.74462890625,1.0,0.3731405735015869,1.0,0.6667599081993103,1.0,0.4614777565002441,1.0,0.647707462310791,1.0,0.5464405417442322,0.9305961728096008,0.5519416332244873,0.9882687330245972,0.7336341738700867,0.8671866655349731
neutral_23.jpg,neutral,0.5798351168632507,0.493758350610733,0.6129410862922668,0.4459344446659088,0.5396211743354797,0.4312006533145904,0.6384475827217102,0.478096067905426,0.4526543319225311,0.4463021457195282,0.7208278775215149,0.7637426853179932,0.3265344500541687,0.7478417754173279,0.8273141980171204,1.0,0.2638695538043976,1.0,0.7476320266723633,1.0,0.3826544284820556,1.0,0.670883297920227,1.0,0.4620410501956939,1.0,0.6561622619628906,1.0,0.5449123978614807,0.9255975484848022,0.5605546832084656,0.999439299106598,0.7376395463943481,0.8659054040908813
neutral_24.jpg,neutral,0.5609875321388245,0.4811046123504638,0.5973480343818665,0.4366923570632934,0.5220540165901184,0.4220985174179077,0.6297946572303772,0.4764144420623779,0.4462614059448242,0.4446629583835602,0.7191216349601746,0.7610748410224915,0.3266806304454803,0.7425436973571777,0.8278166055679321,1.0,0.2570187747478485,1.0,0.7560557723045349,1.0,0.3707999885082245,1.0,0.6684623956680298,1.0,0.4598724544048309,1.0,0.6509992480278015,1.0,0.538075864315033,0.9291948080062866,0.5590193867683411,0.9984201192855836,0.7382964491844177,0.8714554309844971
neutral_25.jpg,neutral,0.5537285208702087,0.4750227034091949,0.5907530188560486,0.4303598403930664,0.5143427848815918,0.4174734055995941,0.6255114078521729,0.4724613428115845,0.4416685104370117,0.4453947842121124,0.7254830598831177,0.7625695466995239,0.3200000822544098,0.7504342794418335,0.8297135233879089,1.0,0.2577399015426636,1.0,0.7402598261833191,1.0,0.3672229945659637,1.0,0.6683792471885681,1.0,0.4539068341255188,1.0,0.6478793025016785,1.0,0.5328120589256287,0.923147201538086,0.5642330050468445,1.0,0.7523946166038513,0.8593754768371582
neutral_26.jpg,neutral,0.5524320602416992,0.473769873380661,0.5915330052375793,0.4260240793228149,0.5096633434295654,0.4148334860801697,0.6308069229125977,0.4734169840812683,0.4364143311977386,0.4501309394836426,0.7431463599205017,0.7716313600540161,0.3098720014095306,0.7737129330635071,0.8637974858283997,1.0,0.249784231185913,1.0,0.8107857704162598,1.0,0.3809917271137237,1.0,0.6890247464179993,1.0,0.458604097366333,1.0,0.6731049418449402,1.0,0.5257933735847473,0.9145713448524476,0.5898639559745789,1.0,0.7488171458244324,0.8452582359313965
neutral_27.jpg,neutral,0.5700315833091736,0.4958826005458832,0.6149494647979736,0.4429607689380646,0.5256823301315308,0.4276431798934936,0.6587114930152893,0.483724296092987,0.4465041160583496,0.451874315738678,0.764962375164032,0.7845621109008789,0.3084234893321991,0.7753750085830688,0.8721949458122253,1.0,0.2225437015295028,1.0,0.7485337257385254,1.0,0.344855934381485,1.0,0.6865833401679993,1.0,0.4429113864898681,1.0,0.6680523753166199,1.0,0.5121220946311951,0.9234481453895568,0.5629996657371521,1.0,0.73160719871521,0.8605096340179443
neutral_28.jpg,neutral,0.5957029461860657,0.5291855931282043,0.6449846625328064,0.4637109935283661,0.544469952583313,0.4530813097953796,0.6953722238540649,0.4925245642662048,0.4578592777252197,0.4708428382873535,0.790589451789856,0.798606276512146,0.3222629129886627,0.7885265946388245,0.8912926912307739,1.0,0.2373614311218261,1.0,0.754271924495697,1.0,0.3786102831363678,1.0,0.6837465167045593,1.0,0.430720567703247,1.0,0.6721358299255371,1.0,0.5031058192253113,0.9332394599914552,0.5799214243888855,0.9918336868286132,0.7149544954299927,0.8501735329627991
neutral_29.jpg,neutral,0.618882954120636,0.5443882346153259,0.6749189496040344,0.4704389274120331,0.5632924437522888,0.4553106427192688,0.7289493680000305,0.4988802969455719,0.4691857993602752,0.4662094712257385,0.8158127069473267,0.8181281089782715,0.328563928604126,0.796998143196106,0.906388223171234,1.0,0.2445336133241653,1.0,0.7937881350517273,1.0,0.3978767096996307,1.0,0.6979480385780334,1.0,0.4338393211364746,1.0,0.68930983543396,0.9940176010131836,0.4929571747779846,0.8921116590499878,0.5891712307929993,0.9707022905349731,0.6846568584442139,0.8229655623435974
neutral_30.jpg,neutral,0.6450167298316956,0.5550519227981567,0.7049649357795715,0.4741361737251282,0.5859591364860535,0.4582092463970184,0.76064532995224,0.5001064538955688,0.482794851064682,0.4639758169651031,0.84173184633255,0.8421052098274231,0.331696480512619,0.8135359883308411,0.9294143915176392,1.0,0.2443927824497223,1.0,0.813115119934082,1.0,0.4243504106998443,0.9941989779472352,0.7157341837882996,1.0,0.4452601373195648,1.0,0.688814103603363,1.0,0.5212052464485168,0.9231133460998536,0.5999569296836853,0.9992295503616332,0.7496303915977478,0.8486694693565369
neutral_31.jpg,neutral,0.6803016066551208,0.5405902862548828,0.7432949542999268,0.4677370190620422,0.6257567405700684,0.4474056363105774,0.8055657744407654,0.5020778179168701,0.5333341956138611,0.4558377563953399,0.8627936244010925,0.8196671009063721,0.3881116807460785,0.7784715890884399,0.9093367457389832,1.0,0.2319590896368026,1.0,0.8001785278320312,0.9546404480934144,0.3263745903968811,0.9707959294319152,0.7197693586349487,1.0,0.4647862613201141,1.0,0.6691948771476746,1.0,0.5002511143684387,0.910791516304016,0.5371696949005127,0.9465951323509216,0.6603438854217529,0.8292443156242371
neutral_32.jpg,neutral,0.6816636919975281,0.5290813446044922,0.7434622049331665,0.4605180323123932,0.628049373626709,0.4405370652675628,0.805816650390625,0.5061185359954834,0.535886287689209,0.4613752365112304,0.867028534412384,0.8355713486671448,0.3654241263866424,0.7828543186187744,0.9259955286979676,1.0,0.1423313170671463,0.9879518151283264,0.8307939767837524,0.9553560018539428,0.2262345999479293,0.973529577255249,0.6788110733032227,1.0,0.4048193991184234,1.0,0.6384391188621521,1.0,0.4164875447750091,0.9128158688545228,0.492092102766037,0.9319629669189452,0.540306031703949,0.8239418268203735
neutral_33.jpg,neutral,0.6539303660392761,0.5232245326042175,0.7136061787605286,0.4565258324146271,0.5990110635757446,0.4402988255023956,0.7794095873832703,0.4977824985980987,0.50571209192276,0.4606910943984985,0.874848484992981,0.8215675950050354,0.2957057654857635,0.7522938251495361,0.9660754203796388,1.0,0.0103532318025827,0.9245617389678956,0.8398470282554626,0.9460263848304749,0.1789792776107788,0.9750602841377258,0.6952610015869141,1.0,0.3635159134864807,1.0,0.7288889288902283,0.9785766005516052,0.3829392492771148,0.9031147360801696,0.6246273517608643,0.9207074046134948,0.538964033126831,0.8205563426017761
neutral_34.jpg,neutral,0.6513959765434265,0.5250025987625122,0.7083251476287842,0.4573502838611603,0.5940493941307068,0.4436556100845337,0.7667289972305298,0.49665367603302,0.4964779913425445,0.4655162394046783,0.830890953540802,0.8011490702629089,0.308296263217926,0.7485971450805664,0.891026496887207,0.9964308142662048,0.0638477802276611,0.9474159479141236,0.8363184928894043,0.9760652184486388,0.1939273327589035,0.9710743427276612,0.6511170864105225,1.0,0.3523184955120086,1.0,0.6815627813339233,0.9722734093666076,0.3840833306312561,0.8916767835617065,0.5782473087310791,0.9403927326202391,0.5153205394744873,0.8182322382926941
neutral_35.jpg,neutral,0.6393494009971619,0.4830521941184997,0.6993478536605835,0.4125850796699524,0.5822248458862305,0.402980625629425,0.7624719738960266,0.4553823173046112,0.4904583096504211,0.4317003190517425,0.8285922408103943,0.7551355957984924,0.3000358939170837,0.738492488861084,0.8828368186950684,0.9737920761108398,0.0939849838614463,0.9968277215957642,0.833177387714386,0.9836443662643432,0.2430344372987747,0.9169857501983644,0.6400341391563416,1.0,0.3323859274387359,1.0,0.6732921004295349,0.972908854484558,0.3405607640743255,0.8931989073753357,0.5832555294036865,0.9346256256103516,0.4859121441841125,0.7991636395454407
neutral_36.jpg,neutral,0.6333986520767212,0.4258128702640533,0.6904211044311523,0.3622115850448608,0.574010968208313,0.3483427166938782,0.7492942214012146,0.419530987739563,0.4774819314479828,0.3922711610794067,0.8317012786865234,0.7323480844497681,0.3099546432495117,0.7084946632385254,0.876866340637207,0.9317455887794496,0.1129800826311111,0.9313432574272156,0.7789486050605774,0.9167394042015076,0.1984617710113525,0.891477644443512,0.6864890456199646,1.0,0.3834516704082489,1.0,0.7115125060081482,0.9736832976341248,0.3814875781536102,0.8702079653739929,0.6025215983390808,1.0,0.5081139802932739,0.8424835205078125
neutral_37.jpg,neutral,0.6028909087181091,0.4515148401260376,0.6529009938240051,0.3979769349098205,0.5524258017539978,0.3858567178249359,0.7015956044197083,0.4466195404529571,0.4643922746181488,0.4208420515060425,0.779688835144043,0.7152062058448792,0.2960031628608703,0.712738573551178,0.8604103326797485,0.9424877166748048,0.0969750434160232,0.9892586469650269,0.8095671534538269,0.9766961336135864,0.1685597896575927,0.990330159664154,0.6754865646362305,1.0,0.399655669927597,1.0,0.6996878981590271,0.9539055228233336,0.435450404882431,0.880524218082428,0.6269888281822205,0.9047476649284364,0.6272594332695007,0.7702487707138062
neutral_38.jpg,neutral,0.5887290835380554,0.4672234356403351,0.6328744292259216,0.4149942994117737,0.5414247512817383,0.405502051115036,0.6797966957092285,0.449480652809143,0.4602129459381103,0.4302093684673309,0.7644090056419373,0.707940936088562,0.3155045211315155,0.6909745931625366,0.8649405837059021,0.9375914931297302,0.1028966456651687,0.929885745048523,0.8099833726882935,0.9870924949645996,0.153873786330223,0.9734909534454346,0.6788977384567261,1.0,0.4222953021526336,1.0,0.6821157336235046,0.9285287857055664,0.4389621913433075,0.8706786632537842,0.6024525761604309,0.8970720171928406,0.5989457964897156,0.7900277376174927
neutral_39.jpg,neutral,0.572982907295227,0.4485916793346405,0.6152371764183044,0.4016477465629577,0.5311183333396912,0.3865686058998108,0.6567422747612,0.4413221776485443,0.4562036097049713,0.4088457226753235,0.7525538206100464,0.7151117920875549,0.3263513743877411,0.6962612867355347,0.8470349311828613,1.0,0.2069241106510162,1.0,0.7777537703514099,0.9963799118995668,0.3131129443645477,0.9647740721702576,0.6860256195068359,1.0,0.4447914063930511,1.0,0.6721218228340149,0.9172945022583008,0.4575152397155761,0.8471853733062744,0.5599806904792786,0.9663398265838624,0.6115886569023132,0.8549756407737732
neutral_40.jpg,neutral,0.5619890689849854,0.4372773766517639,0.6030537486076355,0.3900573253631592,0.5187072157859802,0.3791660070419311,0.6447417140007019,0.4308881163597107,0.4503891170024872,0.4081557095050812,0.7095059156417847,0.6951075792312622,0.3451755940914154,0.6720646619796753,0.7373287081718445,1.0,0.2778548896312713,0.9962175488471984,0.7092920541763306,1.0,0.3899374306201935,0.9909841418266296,0.6312690377235413,1.0,0.4209511876106262,1.0,0.6303338408470154,0.9368132948875428,0.4455808699131012,0.8469190001487732,0.5565987229347229,0.9815524220466614,0.5817272663116455,0.8386353254318237
neutral_41.jpg,neutral,0.5431799292564392,0.4297561943531036,0.5815750360488892,0.3864212930202484,0.5053043365478516,0.3774200677871704,0.6212921142578125,0.4251950085163116,0.4445126056671142,0.4056936502456665,0.6970896124839783,0.6815882921218872,0.3389790654182434,0.6746211647987366,0.7301298975944519,0.9866649508476256,0.3017666339874267,1.0,0.6877102851867676,1.0,0.3943757116794586,1.0,0.6404033899307251,1.0,0.437591552734375,1.0,0.6510351300239563,0.9725826978683472,0.4867467880249023,0.8631499409675598,0.6343920230865479,0.9780779480934144,0.6972943544387817,0.7970767617225647
neutral_42.jpg,neutral,0.5318477749824524,0.4150979518890381,0.566299319267273,0.3703996241092682,0.491023451089859,0.3682836592197418,0.6059725880622864,0.4081750214099884,0.4316638112068176,0.4047510921955108,0.6866103410720825,0.6680115461349487,0.336990624666214,0.6632235646247864,0.7320646643638611,0.971893846988678,0.2805106937885284,0.9814761877059937,0.7235563397407532,1.0,0.3744249939918518,1.0,0.6295157074928284,1.0,0.4290826320648193,1.0,0.620104193687439,0.9105931520462036,0.4459617137908935,0.8285040855407715,0.5949915051460266,0.9429301619529724,0.6142637133598328,0.7985961437225342
neutral_43.jpg,neutral,0.5251560807228088,0.4039999842643738,0.560548722743988,0.3621542453765869,0.4844142496585846,0.3582180738449096,0.6030329465866089,0.4083409905433655,0.4268154799938202,0.4019916951656341,0.6931486129760742,0.6865133047103882,0.3367281556129455,0.6621496081352234,0.7397931218147278,0.98964923620224,0.2689424455165863,0.9487661123275756,0.7032960653305054,1.0,0.3769859373569488,0.9729211330413818,0.6287551522254944,1.0,0.4210223257541656,1.0,0.611989438533783,0.9304324984550476,0.417240709066391,0.8475271463394165,0.5750759243965149,0.975509762763977,0.5639477968215942,0.8413243889808655
neutral_44.jpg,neutral,0.5230191349983215,0.4164460003376007,0.5591772198677063,0.369980901479721,0.482014000415802,0.3699777126312256,0.6049731969833374,0.407528817653656,0.4272291362285614,0.4089670181274414,0.6935589909553528,0.6768274307250977,0.3414511382579803,0.666193425655365,0.7385854721069336,0.9893548488616944,0.281019002199173,0.9688180088996888,0.6983063817024231,0.9993240237236024,0.3855444192886352,0.9809253215789796,0.6287471652030945,1.0,0.4222899377346039,1.0,0.6147017478942871,0.9313049912452698,0.4192615449428558,0.857235848903656,0.5939909219741821,0.9717514514923096,0.575115978717804,0.8456994891166687
neutral_45.jpg,neutral,0.5335196852684021,0.4322076141834259,0.5684264302253723,0.386431485414505,0.4943013787269592,0.3846541047096252,0.6115886569023132,0.4192568063735962,0.4391616880893707,0.4161659479141235,0.6914747357368469,0.677556037902832,0.3442062437534332,0.6705670356750488,0.7369093894958496,0.9626025557518004,0.2836315929889679,0.9646672010421752,0.7259769439697266,1.0,0.3748705387115478,1.0,0.6362120509147644,1.0,0.4364946484565735,1.0,0.6542875170707703,0.9677396416664124,0.4780066907405853,0.875941276550293,0.6549116373062134,0.973625898361206,0.665169894695282,0.8108706474304199
neutral_46.jpg,neutral,0.5357258915901184,0.4364323019981384,0.5734954476356506,0.3912294209003448,0.4965333044528961,0.3853529691696167,0.6158823370933533,0.426566869020462,0.4366864860057831,0.4138984680175781,0.6921954154968262,0.6863399147987366,0.3445322215557098,0.662986159324646,0.7357886433601379,0.9899970293045044,0.2802555859088897,0.9556374549865724,0.6779819130897522,0.9972973465919496,0.3900118768215179,0.985133409500122,0.6294451355934143,1.0,0.4261939227581024,1.0,0.6212369203567505,0.9265332818031312,0.4345861375331878,0.8577466607093811,0.5900978446006775,0.9617887139320374,0.5905460715293884,0.8514391779899597
neutral_47.jpg,neutral,0.5350245833396912,0.446215271949768,0.5736472010612488,0.3987079262733459,0.4964750707149505,0.3923674523830414,0.6172212958335876,0.4289107918739319,0.4379876255989074,0.4143780469894409,0.6911997199058533,0.6832098960876465,0.3443944156169891,0.6662302017211914,0.7394047379493713,0.9746007323265076,0.2811287343502044,0.960537850856781,0.7021676301956177,1.0,0.3927908837795257,0.9806311726570128,0.6301314234733582,1.0,0.4266923069953918,1.0,0.6280776858329773,0.9349822402000428,0.4304474890232086,0.8662025928497314,0.5977277755737305,0.9686806201934814,0.5805848240852356,0.8537713885307312
neutral_48.jpg,neutral,0.5362180471420288,0.4424970746040344,0.5744895935058594,0.3975149989128113,0.4974860846996307,0.3900330364704132,0.6165042519569397,0.4321417510509491,0.4370011985301971,0.4150223135948181,0.6879769563674927,0.6847048401832581,0.3454041481018066,0.6606239676475525,0.7344712615013123,0.9787989258766174,0.2798151969909668,0.9514333605766296,0.6960379481315613,0.997998595237732,0.3976425528526306,0.983909010887146,0.6328843235969543,1.0,0.4311502873897552,1.0,0.6270825266838074,0.9315055012702942,0.4344766139984131,0.8672687411308289,0.5931317210197449,0.9636295437812804,0.5816829800605774,0.8572272658348083
neutral_49.jpg,neutral,0.5437037944793701,0.4484412968158722,0.5804378390312195,0.4027713239192962,0.5050300359725952,0.3931072354316711,0.6180328726768494,0.4338348507881164,0.4389871656894684,0.4127062261104584,0.6888245344161987,0.6872351169586182,0.3433383405208587,0.6647694110870361,0.7386965751647949,0.9834018349647522,0.2784884870052337,0.9645967483520508,0.6908325552940369,0.999159336090088,0.3877052366733551,0.9801853895187378,0.6325981020927429,1.0,0.4309770762920379,1.0,0.6244205832481384,0.9291691780090332,0.4359939694404602,0.8599225282669067,0.5684200525283813,0.9658259153366088,0.5705413818359375,0.8518928289413452
neutral_50.jpg,neutral,0.5482690334320068,0.4470252096652984,0.5835773348808289,0.4027656018733978,0.5091172456741333,0.3930004835128784,0.6187936067581177,0.4354710578918457,0.4401503503322601,0.4141795635223388,0.689761221408844,0.6827918887138367,0.3412798345088959,0.6651637554168701,0.7404703497886658,0.9753881692886353,0.2778097093105316,0.97101491689682,0.7000556588172913,1.0,0.3935499191284179,0.9786057472229004,0.6400222182273865,1.0,0.436922162771225,1.0,0.6354427933692932,0.9230031967163086,0.4481812119483948,0.8523660898208618,0.5722236037254333,0.9697572588920592,0.5848764777183533,0.8469746708869934
neutral_51.jpg,neutral,0.5519245862960815,0.4451449513435364,0.5862476229667664,0.4016349017620086,0.5125844478607178,0.3907783627510071,0.6192367076873779,0.4360386729240417,0.4408607482910156,0.4134608209133148,0.6900400519371033,0.6877461075782776,0.3425540626049042,0.6658557653427124,0.7401471138000488,0.9809556603431702,0.2795499265193939,0.9665658473968506,0.6873422861099243,0.997897744178772,0.3836402297019958,0.9781467318534852,0.6369220614433289,1.0,0.4348250329494476,1.0,0.6335659027099609,0.9263992309570312,0.4485793709754944,0.8512815833091736,0.5632115006446838,0.9714909195899964,0.575622022151947,0.8462908267974854
neutral_52.jpg,neutral,0.5545881986618042,0.4457063376903534,0.5883862376213074,0.4025184214115143,0.5150278210639954,0.3914218544960022,0.6205247044563293,0.4374186992645263,0.441989004611969,0.414230614900589,0.6907556056976318,0.6878365278244019,0.342713326215744,0.6662078499794006,0.7407956719398499,0.9815032482147216,0.279058039188385,0.9704768657684326,0.6944785118103027,0.9985584616661072,0.3905796110630035,0.9781287908554076,0.6415088772773743,1.0,0.4380806386470794,1.0,0.6401948928833008,0.9257827997207642,0.4498521983623504,0.8516924977302551,0.5677537322044373,0.9718236327171326,0.5730618834495544,0.8451131582260132
neutral_53.jpg,neutral,0.5542693138122559,0.446185290813446,0.5877692699432373,0.4022223949432373,0.5143619179725647,0.3925034403800964,0.6200922727584839,0.4356822967529297,0.4413552284240722,0.4151932597160339,0.6901013255119324,0.6854801774024963,0.3411535918712616,0.664901852607727,0.7379149198532104,0.9854438304901124,0.2773429751396179,0.9740427136421204,0.6914532780647278,0.9926422238349916,0.3966005742549896,0.976877748966217,0.6408745646476746,1.0,0.4367752969264984,1.0,0.6407862305641174,0.9211281538009644,0.4513910412788391,0.8500450849533081,0.5758368372917175,0.964622974395752,0.5806183218955994,0.8403983116149902
neutral_54.jpg,neutral,0.553791880607605,0.4478808939456939,0.5877861976623535,0.4038872122764587,0.5143956542015076,0.3939481675624847,0.6205405592918396,0.4364670515060425,0.4423035681247711,0.4153390526771545,0.6895268559455872,0.6836574673652649,0.3416631817817688,0.6658034324645996,0.7385379672050476,0.9798899292945862,0.2792388200759887,0.9749066829681396,0.6885265707969666,0.995015025138855,0.3955741822719574,0.975544273853302,0.6374410390853882,1.0,0.4340456128120422,1.0,0.6373199820518494,0.9263049364089966,0.44901043176651,0.8561471104621887,0.5696796178817749,0.9711302518844604,0.578650951385498,0.8483040928840637
neutral_55.jpg,neutral,0.562664806842804,0.4499637186527252,0.596845805644989,0.4047728478908539,0.5224853157997131,0.3936756551265716,0.6284884214401245,0.4366925954818725,0.4457312524318695,0.4130378663539886,0.6943441033363342,0.6914703845977783,0.3419485986232757,0.6671310067176819,0.7528496980667114,0.9926196932792664,0.2579896152019501,0.97154700756073,0.7007492184638977,0.9909291863441468,0.3628060519695282,0.9701839685440063,0.6429796814918518,1.0,0.4384608864784241,1.0,0.641879141330719,0.913712203502655,0.458376944065094,0.8567739129066467,0.5643720626831055,0.953788697719574,0.5805627703666687,0.8543235063552856
neutral_56.jpg,neutral,0.5837459564208984,0.4643977284431457,0.6132000088691711,0.4155665636062622,0.5415903329849243,0.4099481105804443,0.639441728591919,0.4373115003108978,0.4563652575016022,0.4262711405754089,0.7170990109443665,0.6887658834457397,0.3222038447856903,0.6887803673744202,0.8261990547180176,0.9409547448158264,0.1745986938476562,0.9656509160995485,0.7695042490959167,1.0,0.2650552988052368,0.99360591173172,0.6600918769836426,1.0,0.439313143491745,1.0,0.6538931131362915,0.9502021074295044,0.4831806719303131,0.912706971168518,0.5730752944946289,0.9491499662399292,0.6347200870513916,0.8543286323547363
neutral_57.jpg,neutral,0.5927016139030457,0.4945178925991058,0.6274738311767578,0.4426360726356506,0.547590970993042,0.4326085746288299,0.6586509346961975,0.464705228805542,0.456352561712265,0.4445086419582367,0.7340330481529236,0.7037849426269531,0.3415011167526245,0.7129294872283936,0.8733212351799011,0.9649749994277954,0.2222559750080108,1.0,0.8111082911491394,1.0,0.2688128352165222,0.9813489317893982,0.6810994148254395,1.0,0.4670883119106293,1.0,0.6720185279846191,0.8978413343429565,0.5399509072303772,0.8640931248664856,0.526664674282074,0.9131097793579102,0.6799442172050476,0.8349263072013855
neutral_58.jpg,neutral,0.6349373459815979,0.5457260608673096,0.6745924353599548,0.4749507308006286,0.5763868093490601,0.4676243960857391,0.7111445665359497,0.495177149772644,0.4646089971065521,0.4830935299396515,0.7797613143920898,0.782969057559967,0.3489640057086944,0.7713088393211365,0.8639254570007324,1.0,0.2638311982154846,1.0,0.7633638381958008,1.0,0.3852601945400238,0.9931638240814208,0.686640739440918,1.0,0.449811190366745,1.0,0.6787993311882019,0.9262235760688782,0.5190536379814148,0.8563695549964905,0.5422107577323914,0.9478694200515748,0.6340610384941101,0.8240842819213867
neutral_59.jpg,neutral,0.6914694905281067,0.6214613914489746,0.7353665232658386,0.5303560495376587,0.6245208382606506,0.5266769528388977,0.7704285979270935,0.5151059031486511,0.485607385635376,0.5055813193321228,0.8100805282592773,0.7967450022697449,0.3459154963493347,0.7902342081069946,0.891009509563446,1.0,0.2500277161598205,1.0,0.8366613388061523,1.0,0.3916418552398681,0.973259210586548,0.7122665643692017,1.0,0.4610708653926849,1.0,0.6964427828788757,0.9815531373023988,0.5442752242088318,0.9252812266349792,0.6340733766555786,0.961437165737152,0.7247084975242615,0.8362942337989807
neutral_60.jpg,neutral,0.7276104092597961,0.5787273645401001,0.766845703125,0.49456986784935,0.6654988527297974,0.486981064081192,0.790635883808136,0.4949811995029449,0.5214885473251343,0.4756311476230621,0.8241092562675476,0.7945302724838257,0.3424075245857239,0.8118624091148376,0.9232361912727356,1.0,0.2533896565437317,1.0,0.8767498135566711,0.9993724822998048,0.4475466310977936,0.965811848640442,0.7102225422859192,1.0,0.4522055685520172,1.0,0.7341791391372681,0.9991765022277832,0.5789213180541992,0.9521796107292176,0.6303133368492126,0.972147524356842,0.7652211785316467,0.8415517210960388
neutral_61.jpg,neutral,0.7237136960029602,0.6217597723007202,0.7662197947502136,0.5394306182861328,0.6658920645713806,0.524695873260498,0.7895092964172363,0.522233247756958,0.5225614905357361,0.4842643141746521,0.8192201852798462,0.7910892367362976,0.3406934440135956,0.8038901686668396,0.9185463190078736,1.0,0.2594642341136932,1.0,0.8624473810195923,0.9914461374282836,0.4589409828186035,0.9803478717803956,0.7268428206443787,1.0,0.473544180393219,1.0,0.7201621532440186,0.9992664456367492,0.5825176239013672,0.9553821086883544,0.6130526661872864,0.9623308181762696,0.7955984473228455,0.8443915247917175
neutral_62.jpg,neutral,0.705199658870697,0.6400663256645203,0.7495974898338318,0.5597246885299683,0.6489419341087341,0.5402320027351379,0.7749846577644348,0.5461873412132263,0.511600911617279,0.49972003698349,0.8163221478462219,0.8139052987098694,0.3382764458656311,0.8030601143836975,0.9144684076309204,1.0,0.280986875295639,1.0,0.8284217119216919,0.8962780237197876,0.473081111907959,0.9495548009872437,0.7070363163948059,1.0,0.4429722428321838,1.0,0.7247704863548279,1.0,0.5158777832984924,0.9356001019477844,0.6229773759841919,0.9867414236068726,0.670869767665863,0.844081461429596
neutral_63.jpg,neutral,0.6992923617362976,0.629001259803772,0.7418136596679688,0.5433554649353027,0.6425542235374451,0.5303415060043335,0.7672966718673706,0.5098090171813965,0.5044493079185486,0.4748860895633697,0.8108593225479126,0.7934312224388123,0.320510596036911,0.8047153353691101,0.918663203716278,1.0,0.2426563948392868,1.0,0.8718804717063904,0.9989848136901855,0.4392183721065521,0.976344108581543,0.7277482151985168,1.0,0.4727943539619446,1.0,0.6971603035926819,1.0,0.5638349652290344,0.9677934050559998,0.6194077730178833,0.9788336157798768,0.8072487115859985,0.8704020380973816
neutral_64.jpg,neutral,0.6921581625938416,0.5937635898590088,0.7301947474479675,0.5181509256362915,0.6370120644569397,0.5039588212966919,0.7540369033813477,0.5117502212524414,0.5068182349205017,0.4794404208660126,0.8137081265449524,0.8039067983627319,0.3406877517700195,0.7960472702980042,0.9188701510429382,1.0,0.2465569525957107,1.0,0.8193890452384949,0.9556259512901306,0.3895535469055176,0.9866610765457152,0.709692120552063,1.0,0.4632552564144134,1.0,0.6691726446151733,0.9919753074645996,0.5510604381561279,0.9116634130477904,0.5321123003959656,0.9775586724281312,0.7346668243408203,0.8269842863082886
neutral_65.jpg,neutral,0.6853192448616028,0.5783069729804993,0.7228414416313171,0.5034508109092712,0.6294185519218445,0.4922906458377838,0.7491161823272705,0.5062239766120911,0.5044285655021667,0.4818197190761566,0.8149526715278625,0.8113546371459961,0.336384654045105,0.8040188550949097,0.90969717502594,1.0,0.230904534459114,1.0,0.8104713559150696,0.9589401483535768,0.3753409385681152,0.9757165312767028,0.7009819149971008,1.0,0.4509217739105224,1.0,0.670371949672699,0.992957353591919,0.5400542616844177,0.9042824506759644,0.5413721203804016,0.98529314994812,0.722110390663147,0.8211363554000854
neutral_66.jpg,neutral,0.6792065501213074,0.574516773223877,0.7157651782035828,0.5011990666389465,0.6235350370407104,0.4906758964061737,0.7419791221618652,0.5051668882369995,0.4995751976966858,0.4827976822853088,0.8097761273384094,0.8027531504631042,0.3344795703887939,0.8010509014129639,0.9093981981277466,1.0,0.2275772094726562,1.0,0.8073059320449829,0.9576132893562316,0.3690596222877502,0.9832428693771362,0.6990458369255066,1.0,0.4497807025909424,1.0,0.6718034148216248,0.9862719774246216,0.5409284830093384,0.9017804861068726,0.5336264967918396,0.9811925292015076,0.7165715098381042,0.8199440836906433
neutral_67.jpg,neutral,0.6754335761070251,0.5747197270393372,0.7122333645820618,0.4973896145820617,0.6176115870475769,0.4912883937358856,0.741378664970398,0.4970507323741913,0.4948645532131195,0.4847585558891296,0.8108949661254883,0.7934343814849854,0.332687497138977,0.8064219355583191,0.9078017473220824,0.9984721541404724,0.2329318076372146,1.0,0.8131311535835266,0.9709724187850952,0.368135541677475,0.9901464581489564,0.6952232718467712,1.0,0.4446785449981689,1.0,0.6698541641235352,0.9836239218711852,0.5365568399429321,0.8974008560180664,0.5426015257835388,0.9920923113822936,0.7202984690666199,0.8203333616256714
neutral_68.jpg,neutral,0.673945963382721,0.5735071897506714,0.7100285887718201,0.4982391595840454,0.616997480392456,0.4911156594753265,0.7377082705497742,0.5016019940376282,0.4940673410892486,0.4873110651969909,0.810185432434082,0.7998949885368347,0.3316197395324707,0.808009147644043,0.9080963134765624,1.0,0.2316060364246368,1.0,0.80324786901474,0.9601478576660156,0.3652720153331756,0.9851584434509276,0.697983980178833,1.0,0.4461593627929687,1.0,0.6724647879600525,0.993845522403717,0.533427894115448,0.9038424491882324,0.5486587882041931,0.9984655380249025,0.7170121073722839,0.8238963484764099
neutral_69.jpg,neutral,0.6757047772407532,0.5720278024673462,0.7115267515182495,0.4948683083057403,0.6177152991294861,0.4897127449512481,0.7401225566864014,0.4944285154342651,0.4952298104763031,0.4843949973583221,0.8121631741523743,0.7986786365509033,0.3353009819984436,0.8036391139030457,0.9069296717643738,1.0,0.2370726913213729,1.0,0.8039675951004028,0.9513942003250122,0.381866842508316,0.9835396409034728,0.6956487894058228,1.0,0.4470809996128082,1.0,0.6581841707229614,0.9924674034118652,0.5386473536491394,0.9038793444633484,0.5384247899055481,0.9910619854927064,0.7299342155456543,0.8188478946685791
neutral_70.jpg,neutral,0.6719077825546265,0.5744535326957703,0.7119162678718567,0.4960295855998993,0.6146056056022644,0.488114446401596,0.7423797249794006,0.4952037036418915,0.4889889657497406,0.4762329459190368,0.8067822456359863,0.7938005924224854,0.3254213333129883,0.8015033006668091,0.9167438745498656,1.0,0.2249137610197067,1.0,0.8411757349967957,1.0,0.3891033232212066,0.9755442142486572,0.7229592204093933,1.0,0.4664995670318603,1.0,0.7195475697517395,1.0,0.5668044686317444,0.9475137591362,0.6315531134605408,0.9853402376174928,0.7778552770614624,0.861909031867981
